p1a_1,p1a_2,p1a_3,p1a_4,p1a_5,p1a_6,p1a_7,p1a_8,p1a_9,p1a_10,p1a_11,p1a_12,p1a_13,p1a_14,p1a_15,p1a_16,p1a_17,p1a_18,p1a_19,p1a_20,p1a_21,p1a_22,p17_1,p17_4,sexo,edad_1,escol,cond_act,h21_1,Tam_loc,ing_fam,Pondi2,estrato
3,3,3,3,3,3,3,3,3,3,3,2,3,3,3,3,3,3,3,3,3,3,1,1,2,3,2,2,9,1,3,11032,31
3,3,3,3,3,3,3,3,3,3,3,2,3,3,3,3,3,3,3,3,3,3,1,2,2,5,4,2,12,1,8,63083,31
3,2,3,3,3,3,3,3,3,3,3,1,3,3,3,3,3,3,3,3,3,3,1,1,1,4,4,1,1,3,3,31357,23
3,2,3,1,2,1,2,2,2,3,3,1,3,3,3,3,3,3,3,3,3,3,1,2,2,2,5,1,7,1,0,61769,21
3,3,3,1,3,3,3,3,3,3,3,1,3,3,3,3,3,3,3,3,3,3,1,2,2,6,2,1,7,4,3,99437,44
3,3,3,2,2,2,2,1,3,3,3,1,3,3,3,2,3,3,3,3,2,3,1,2,1,3,4,1,13,2,8,99237,32
3,3,3,3,2,3,3,2,3,3,3,1,3,3,3,3,3,3,3,3,3,3,1,1,1,7,3,1,12,1,3,151129,41
3,3,3,3,3,2,3,2,3,3,3,2,3,3,3,3,3,3,3,3,3,3,1,1,2,5,1,2,2,2,6,12240,12
3,3,3,3,3,2,3,2,3,3,3,1,3,3,3,3,3,3,3,3,3,3,1,1,1,6,2,1,12,2,5,19118,12
3,3,3,3,3,8,3,3,3,3,3,1,3,3,3,3,3,3,3,3,3,3,1,2,1,4,4,1,7,1,4,33680,31
3,3,3,3,3,3,3,3,3,3,3,1,3,3,3,3,3,3,3,3,3,3,1,1,1,3,4,1,-1,2,8,30798,12
3,3,3,3,3,3,3,3,3,3,3,1,3,3,3,3,3,3,3,3,3,3,1,1,2,4,4,1,-1,1,8,25562,11
3,2,3,2,3,3,3,2,3,3,3,1,3,3,3,3,3,3,3,3,3,3,1,2,2,4,4,1,2,1,7,46473,31
3,3,3,3,3,3,3,3,3,3,3,1,3,3,3,3,3,3,3,3,3,3,1,2,2,4,3,2,4,4,3,51339,34
3,3,3,3,3,3,3,3,3,3,3,1,3,3,3,3,3,3,3,3,3,3,1,2,2,3,2,2,5,1,3,23020,31
3,3,3,1,1,3,3,3,3,3,3,2,3,3,3,3,3,3,3,3,3,3,1,2,1,2,3,1,14,1,6,39916,11
3,1,3,1,1,1,3,1,3,3,3,3,3,1,3,1,3,3,3,3,3,3,1,2,1,6,5,1,11,1,4,6773,21
3,1,3,1,3,3,3,1,3,3,3,1,3,3,3,3,3,3,3,3,9,9,1,1,1,3,3,1,14,1,7,17455,31
3,2,3,2,3,3,3,1,3,3,3,1,3,3,3,3,3,3,3,3,3,3,1,2,2,4,3,1,2,1,7,46473,31
3,3,3,3,3,3,3,3,3,3,3,1,3,3,3,3,3,3,3,3,3,3,1,1,2,4,2,1,10,2,6,60484,32
3,2,3,2,3,3,3,1,3,3,3,1,3,3,3,3,3,3,3,3,9,9,1,1,1,4,3,1,14,1,5,84527,31
3,3,3,2,2,2,3,1,3,3,3,3,3,3,3,3,3,3,3,3,3,3,1,2,2,4,3,2,2,1,4,33136,31
3,3,3,2,3,2,3,3,2,3,3,1,3,3,3,3,3,3,3,3,3,3,1,1,2,3,3,1,7,1,3,16217,41
3,3,3,2,3,2,3,2,3,3,3,1,3,3,3,3,3,3,3,3,3,3,1,1,1,3,4,1,14,1,3,35005,31
3,2,3,2,2,2,3,2,2,3,3,1,3,2,3,3,3,3,3,3,3,3,1,1,1,5,2,1,7,1,0,13889,21
3,3,3,2,2,2,3,2,3,3,3,2,3,3,3,3,3,3,3,3,3,3,1,1,1,4,2,1,5,3,4,45456,13
3,3,3,1,3,3,3,3,3,3,3,1,3,3,3,3,3,3,3,3,3,3,1,1,2,3,2,1,2,2,8,79399,32
3,3,3,3,1,3,3,2,3,3,3,3,3,3,3,3,3,3,3,3,3,3,1,2,1,5,3,1,4,3,0,9908,33
3,3,3,2,1,2,3,3,3,3,3,2,3,3,3,1,3,3,3,3,3,3,1,1,2,6,2,2,4,3,0,25620,33
3,3,3,3,3,3,3,2,3,3,3,1,3,3,3,3,3,3,3,3,3,3,1,2,1,5,3,1,14,2,6,58227,32
3,3,3,2,2,2,3,2,3,3,3,1,3,3,3,3,3,3,3,3,3,3,1,1,2,4,4,2,11,3,8,10740,33
3,3,3,1,3,2,3,2,3,3,3,2,3,3,3,3,3,3,3,3,3,3,1,2,2,2,4,2,2,3,4,97494,13
3,3,3,3,3,3,3,3,3,3,3,1,3,3,3,3,3,3,3,3,3,3,1,1,1,4,5,1,1,1,8,86472,31
3,3,3,3,3,3,3,3,3,3,3,3,1,3,3,3,3,3,3,3,3,3,1,1,1,5,3,1,4,3,7,100268,43
3,3,3,2,2,2,3,2,3,3,2,1,3,3,2,2,3,3,3,3,3,3,1,1,1,3,5,1,3,3,5,8509,33
3,3,3,1,3,3,3,2,3,3,2,3,3,3,1,2,3,3,3,3,3,3,1,2,2,5,2,2,11,1,0,21021,11
3,2,3,2,3,2,2,2,3,3,3,1,3,3,3,3,3,3,3,3,3,3,1,1,1,4,5,1,1,1,6,13555,11
3,3,3,2,3,3,3,3,3,3,3,1,3,3,3,3,3,3,3,3,3,3,1,2,1,3,3,1,12,2,6,95843,32
3,3,3,1,3,2,3,2,3,3,3,1,3,3,3,3,3,3,3,3,3,3,1,1,2,6,3,2,5,1,6,10417,11
3,3,3,3,3,3,3,3,3,3,3,1,3,3,3,3,3,3,3,3,3,3,1,2,2,3,4,2,1,1,4,23020,31
3,3,3,3,3,3,3,3,3,3,3,1,3,3,3,3,3,3,3,3,3,3,1,2,2,4,3,2,7,4,4,51339,34
3,3,3,1,3,3,3,3,3,3,3,1,3,3,3,3,3,3,3,3,3,3,1,1,1,2,3,2,99,2,5,147591,32
3,3,3,2,1,1,3,2,3,3,3,1,3,3,2,3,3,3,3,3,3,3,1,2,1,6,4,1,11,1,7,16033,41
3,3,3,3,2,2,3,2,3,3,3,1,3,3,3,3,3,3,3,3,3,3,1,1,2,3,5,1,2,1,8,28600,41
3,2,3,1,3,3,3,2,3,3,3,2,3,3,3,3,3,3,3,3,3,3,1,2,2,4,3,1,14,1,6,46473,31
3,3,3,1,3,3,3,2,3,3,3,1,3,3,3,1,3,3,3,3,3,3,1,2,1,2,2,2,4,4,4,86543,14
3,3,3,2,3,2,3,2,3,3,3,3,3,2,3,2,3,3,3,3,3,3,1,1,1,2,4,2,1,2,8,34863,12
3,3,3,3,3,3,3,3,3,3,3,1,3,3,3,3,3,3,3,3,3,3,1,1,2,5,3,2,12,2,7,242920,32
3,3,3,1,3,3,3,3,3,3,3,3,1,3,3,3,3,3,3,3,3,3,1,2,1,6,2,1,9,4,3,62229,44
3,3,3,1,2,3,3,3,3,3,3,1,3,3,3,3,3,3,3,3,3,3,1,2,1,6,2,1,9,2,6,33287,42
3,2,2,2,3,3,3,2,3,3,3,2,3,3,3,3,3,3,3,3,3,3,1,1,2,7,1,2,1,1,0,318257,21
3,3,3,3,3,3,3,3,3,3,3,2,3,3,3,3,3,3,3,3,3,3,1,1,1,7,2,2,-1,1,0,35024,31
3,3,3,2,3,2,3,3,3,3,3,3,2,3,3,3,3,3,3,3,3,3,1,1,1,7,1,1,4,4,0,29589,14
9,8,3,1,3,2,3,2,3,3,2,1,3,3,3,2,3,3,3,3,3,9,1,1,1,3,5,1,1,1,8,60713,31
3,3,3,1,1,2,2,2,3,3,2,2,2,3,3,2,3,3,2,3,3,3,1,2,1,2,5,2,-1,1,0,26471,31
3,3,3,1,3,3,3,1,3,3,3,1,3,3,3,3,3,3,3,3,3,3,1,2,1,5,4,1,2,4,4,52175,14
3,3,3,3,3,3,3,3,3,3,3,1,3,3,3,3,3,3,3,3,3,3,1,2,1,2,3,1,6,1,6,42025,31
3,3,3,2,3,2,3,2,3,3,3,1,3,3,3,3,3,3,3,3,3,3,1,2,2,3,3,1,6,1,5,41607,31
3,3,3,1,1,2,3,2,3,3,3,1,3,3,3,2,3,3,3,3,2,2,1,1,2,3,3,2,7,1,3,22449,31
3,3,3,3,3,3,3,3,3,3,3,1,3,3,3,3,3,3,3,3,3,3,1,1,1,4,3,1,12,2,8,110010,32
3,2,3,3,1,1,3,1,3,3,3,1,3,3,3,1,3,3,3,3,3,1,1,1,2,3,3,1,4,2,7,69261,12
3,3,3,3,3,3,3,3,3,3,3,1,3,3,3,3,3,3,3,3,3,3,1,2,2,4,4,2,8,1,5,46464,31
3,3,3,3,3,3,3,2,3,3,3,1,3,3,3,3,3,3,3,3,3,3,1,2,2,4,4,2,6,1,5,46464,31
3,3,3,1,3,3,3,3,3,3,3,1,3,3,3,3,3,3,3,3,3,3,1,1,1,3,4,1,1,2,8,143764,32
3,2,2,1,3,3,3,2,3,3,3,2,3,3,3,3,3,3,3,3,3,3,1,2,1,5,4,2,-1,1,0,3945,21
3,3,3,2,2,3,2,2,3,3,3,2,3,3,3,2,3,3,3,3,3,3,1,1,1,3,4,1,2,2,5,6632,22
3,3,3,2,2,3,2,2,3,3,3,2,3,3,3,2,3,3,3,3,3,3,1,1,1,3,4,1,2,2,0,6632,22
3,3,3,3,3,3,3,2,3,3,2,1,3,3,3,1,3,3,3,3,3,3,1,1,1,2,5,1,1,1,8,14466,21
3,3,3,3,3,3,3,3,3,3,2,1,3,3,3,3,3,3,3,3,3,3,1,1,2,5,5,1,1,1,8,21537,21
3,3,3,3,3,3,3,3,3,3,3,1,3,3,3,2,3,3,3,3,3,3,1,1,1,3,4,2,-1,1,0,101004,11
3,3,3,3,3,3,3,3,3,3,2,1,3,3,3,3,3,3,3,3,3,3,1,1,1,5,5,1,1,1,8,7482,21
3,3,3,2,3,2,3,2,3,3,3,2,3,3,3,2,3,3,3,3,3,3,1,1,2,4,3,2,6,2,5,24807,12
3,3,3,3,3,3,3,3,3,3,3,1,3,3,3,3,3,3,3,3,3,3,1,1,2,4,2,2,12,4,6,77008,34
3,3,3,2,3,3,3,2,2,3,3,2,3,3,3,3,3,3,3,3,3,3,1,1,1,5,4,1,7,3,4,23689,13
3,3,3,2,3,3,3,2,3,3,3,1,3,3,3,3,3,3,3,3,3,3,1,1,2,3,3,2,14,1,3,7355,31
3,3,3,3,1,3,3,3,3,3,3,2,3,3,3,3,3,3,3,3,3,3,1,1,1,6,2,1,12,1,4,19216,41
3,3,3,1,3,3,2,2,3,3,3,3,3,3,3,3,3,3,3,3,3,3,1,2,1,2,4,2,97,1,8,26033,11
3,3,3,3,3,2,3,3,3,3,2,1,3,3,3,3,3,3,3,3,3,3,1,2,2,2,4,2,4,1,0,96178,31
3,3,3,2,3,3,3,2,3,3,3,1,3,3,3,3,3,3,3,3,3,3,1,2,2,4,4,1,-1,1,8,27776,31
3,1,2,1,1,1,1,2,2,3,1,1,3,3,3,1,3,3,3,3,3,3,1,2,1,3,5,1,1,3,8,51974,23
3,3,3,2,3,3,3,2,3,3,3,1,3,3,3,3,3,3,3,3,3,3,1,2,2,4,3,2,5,1,6,11814,31
3,3,3,3,3,3,2,2,3,3,3,1,3,3,3,3,3,3,3,3,3,3,1,2,1,5,4,1,2,1,5,10716,11
3,3,3,3,3,3,3,2,3,3,3,1,3,3,3,2,3,3,3,3,3,3,1,1,1,3,5,1,1,1,8,113975,11
3,2,3,1,3,3,3,2,3,3,3,1,3,3,3,3,3,3,3,3,3,3,1,2,1,7,2,1,5,1,8,135395,31
3,3,3,3,3,2,3,3,3,3,3,2,3,3,3,3,3,3,3,3,3,3,1,1,2,6,2,1,7,2,0,13905,12
3,2,3,1,1,3,3,1,3,3,3,1,3,3,2,2,3,3,3,3,3,3,1,1,2,4,3,2,7,2,8,52204,12
2,2,3,2,2,2,3,2,3,3,3,1,3,2,3,2,3,3,3,3,3,3,1,1,2,3,4,2,12,2,3,27704,12
2,2,3,1,2,3,3,2,2,3,3,2,3,3,1,1,3,3,3,3,3,3,1,1,2,4,3,1,7,1,3,81095,21
3,2,2,1,3,3,3,2,3,3,3,1,3,3,3,3,3,3,3,3,3,3,1,1,1,3,4,1,6,1,7,73641,31
3,3,3,2,2,2,3,2,3,3,3,1,3,3,2,2,3,3,3,3,3,3,1,2,1,4,3,1,12,2,0,47751,12
3,3,3,3,2,3,3,2,3,3,3,2,3,3,3,3,3,3,3,3,3,3,1,1,2,6,2,1,7,2,0,9270,12
3,3,3,2,3,3,3,3,3,3,3,3,3,3,1,3,3,3,3,3,3,3,1,1,1,2,4,1,2,4,5,57695,14
3,3,3,3,3,3,3,2,3,3,3,1,3,3,3,3,3,3,3,3,3,3,1,2,1,2,4,1,1,1,8,57620,31
3,3,3,1,2,1,3,1,3,3,3,3,3,3,3,3,3,3,3,3,8,9,1,2,1,4,2,1,9,4,0,100205,44
3,3,3,1,3,3,3,2,3,3,3,2,3,3,3,2,3,3,3,3,3,3,1,1,1,2,2,1,2,3,3,57551,13
3,3,3,2,1,2,3,2,2,3,3,1,3,3,2,2,3,3,3,3,3,3,1,2,1,3,4,1,6,4,5,127504,44
3,3,3,3,3,3,3,3,3,3,3,1,3,3,3,3,3,3,3,3,3,3,1,2,1,3,5,1,3,3,8,23888,23
3,3,3,1,2,2,3,2,3,3,3,2,3,3,3,2,3,3,3,3,3,3,1,1,2,5,3,1,5,1,8,22100,31
3,3,3,2,3,3,3,2,3,3,3,1,3,3,3,3,3,3,3,3,3,3,1,1,2,4,5,1,1,1,0,8404,31
3,3,3,3,3,2,3,2,3,3,3,2,3,3,3,2,3,3,3,3,3,3,1,1,1,4,3,1,2,2,0,19101,12
3,2,3,3,3,1,3,3,3,3,3,1,3,3,3,3,3,3,3,3,3,3,1,1,1,7,1,2,-1,1,0,64360,31
3,3,3,1,3,3,3,1,3,3,3,1,3,3,3,3,3,3,3,3,3,3,1,2,2,5,2,1,5,1,4,14473,11
3,3,3,2,2,2,3,3,3,3,3,1,3,3,3,3,3,3,3,3,3,3,1,1,2,5,2,2,-1,2,0,12879,12
3,3,3,2,3,1,3,3,3,3,3,1,3,3,3,3,3,3,3,3,3,3,1,1,2,6,3,2,-1,1,8,81012,31
3,1,3,3,1,3,3,3,3,3,3,3,3,3,3,3,3,3,3,3,3,3,1,1,1,7,5,2,-1,1,8,52200,21
3,3,3,3,3,3,3,3,3,3,3,1,3,3,3,3,3,3,3,3,3,3,1,2,2,3,5,1,14,1,5,50660,31
3,3,3,2,3,3,3,2,3,3,3,1,3,3,3,3,3,3,3,3,3,3,1,1,1,4,5,1,1,1,7,10191,31
3,3,3,1,3,3,3,2,3,3,3,1,3,3,3,3,3,3,3,3,3,3,1,1,2,3,2,1,7,1,0,7754,31
3,3,3,3,2,3,3,3,3,3,3,1,3,3,3,3,3,3,3,3,3,3,1,1,1,5,4,1,6,3,0,35340,23
3,3,3,2,2,3,3,3,3,3,3,1,3,3,3,3,3,3,3,3,3,3,1,2,2,3,4,2,3,3,5,64682,13
3,3,3,3,3,3,3,3,3,3,3,1,3,3,3,3,3,3,3,3,3,3,1,1,1,5,4,1,6,1,8,11169,31
3,1,3,1,2,2,3,2,3,3,3,2,3,3,3,3,3,3,3,3,3,3,1,1,1,7,3,1,9,1,8,103009,21
3,3,3,3,3,3,3,3,3,3,3,1,3,3,3,3,3,3,3,3,3,3,1,1,1,4,3,1,4,1,8,83718,11
3,3,3,2,1,2,3,2,3,3,3,1,3,3,3,3,3,3,3,3,3,3,1,1,1,5,4,1,7,2,0,10066,12
3,2,3,3,3,3,3,3,3,3,2,1,3,3,3,3,3,3,3,3,3,3,1,1,1,5,5,1,1,1,8,18418,21
3,2,3,2,2,3,3,3,3,3,3,1,3,3,3,3,3,3,3,3,3,3,1,1,1,5,5,1,1,1,8,30848,21
2,2,3,2,3,3,2,3,3,3,3,2,3,3,3,1,3,3,3,3,3,3,1,2,1,6,1,1,3,1,8,37977,21
3,3,3,2,3,3,3,3,3,3,3,1,3,3,3,3,3,3,3,3,3,3,1,1,1,4,3,1,12,2,8,110010,32
3,3,3,3,3,3,3,3,3,3,3,1,3,3,3,3,3,3,3,3,3,3,1,1,1,4,4,1,1,1,4,22411,41
2,2,2,1,3,2,3,2,3,3,2,2,3,3,3,3,3,3,3,3,3,3,1,1,2,5,4,1,5,1,8,17892,11
3,3,3,2,2,3,3,3,3,3,3,2,3,3,3,3,3,3,3,3,3,3,1,2,2,7,1,2,4,3,0,94167,13
3,3,3,3,3,3,3,3,3,3,3,1,3,3,3,3,3,3,3,3,3,3,1,1,1,3,5,1,6,1,0,18865,11
3,3,3,1,2,3,2,3,3,3,3,3,3,3,3,3,3,3,3,3,3,3,1,1,1,3,4,1,6,1,6,21056,41
3,3,3,3,3,3,3,2,3,3,2,1,3,3,3,3,3,3,3,3,3,3,1,1,2,4,1,2,97,1,0,19675,21
3,3,3,2,2,2,3,2,3,3,3,1,3,3,3,3,3,3,3,3,3,3,1,1,1,6,4,1,2,3,0,22826,43
3,3,3,3,3,3,3,1,3,3,3,1,3,3,3,3,3,3,3,3,3,3,1,2,2,4,5,2,6,1,7,17311,21
3,2,3,3,3,2,3,2,3,3,2,1,3,3,3,3,3,3,3,3,3,3,1,2,2,3,4,2,2,1,4,18334,21
3,3,3,2,3,3,3,3,3,3,3,3,3,3,3,3,3,3,3,3,3,3,1,2,2,4,3,2,-1,1,0,418173,11
3,3,3,3,3,3,3,2,3,3,3,1,3,3,3,3,3,3,3,3,3,3,1,2,1,4,5,1,1,1,0,3117,21
3,3,3,3,3,3,3,3,3,3,3,1,3,3,1,1,3,3,3,3,3,3,1,1,1,4,5,1,6,1,0,74190,11
3,3,3,3,3,3,3,3,3,3,2,1,3,3,3,3,3,3,3,3,3,3,1,1,1,7,4,2,-1,1,0,1812,21
3,3,3,1,3,3,3,3,3,3,3,1,3,3,3,3,3,3,3,3,3,3,1,1,2,5,4,1,7,1,8,23358,11
3,3,3,1,1,2,3,2,2,3,3,2,3,3,2,2,3,3,3,3,3,3,1,1,1,2,4,2,3,4,8,470939,44
3,3,3,1,1,2,3,2,3,3,3,2,3,3,3,3,3,3,3,3,3,3,1,1,1,4,3,1,6,3,6,19216,23
3,3,3,1,1,3,3,2,3,3,3,2,3,3,2,3,3,3,3,3,3,3,1,2,1,5,3,1,5,1,8,97750,11
3,2,3,2,2,3,3,1,1,3,3,1,3,3,3,3,3,3,3,3,3,3,1,1,2,3,5,2,1,1,0,6444,21
3,3,3,3,3,3,3,3,3,3,3,2,3,3,3,3,3,3,3,3,3,3,1,1,1,5,3,1,11,1,0,11366,31
3,2,3,2,3,3,3,2,3,3,3,1,3,3,3,3,3,3,3,3,3,3,1,1,1,2,3,2,1,1,0,52184,21
3,2,3,3,1,3,3,3,3,3,3,2,3,3,3,3,3,3,3,3,3,3,1,2,1,4,5,1,12,1,0,15828,21
3,2,3,3,3,2,2,2,3,3,3,1,2,3,3,3,3,3,3,3,3,3,1,2,2,4,5,2,1,1,0,23082,21
3,3,3,2,2,2,3,2,3,3,2,1,3,3,2,2,3,3,3,3,3,2,1,1,1,4,1,1,9,2,5,113906,32
3,3,3,1,1,3,3,3,3,3,3,1,3,3,3,3,3,3,3,3,3,3,1,1,1,6,3,1,97,1,0,22606,11
3,3,3,3,1,3,3,3,3,3,3,3,3,3,3,3,3,3,3,3,3,3,1,2,2,2,3,2,97,1,3,315909,41
3,3,3,1,1,3,3,3,3,3,3,3,3,3,3,3,3,3,3,3,3,3,1,1,2,3,4,2,99,1,6,22881,11
3,3,3,1,3,3,3,2,3,3,3,3,3,3,3,3,3,3,3,3,3,3,1,1,2,5,1,2,2,1,8,17892,11
3,3,3,3,1,3,3,2,3,3,3,3,3,3,3,3,3,3,3,3,3,3,1,1,1,3,4,1,12,1,3,20674,41
3,3,3,2,1,2,3,2,3,3,3,3,3,3,3,3,3,3,3,3,3,3,1,1,2,7,4,-1,12,1,2,18368,41
3,3,3,2,1,3,3,3,3,3,3,3,3,3,3,3,3,3,3,3,3,3,1,1,2,3,4,1,7,1,7,203165,41
3,3,3,1,3,3,3,3,3,3,3,3,3,3,3,3,3,3,3,3,3,3,1,1,2,6,2,2,14,1,8,232465,31
3,3,3,1,3,3,3,3,3,3,3,3,3,3,3,3,3,3,3,3,3,3,1,2,1,2,4,2,7,1,8,189895,31
3,2,2,1,2,2,3,2,3,3,3,3,3,3,3,3,3,3,3,3,9,9,1,2,1,4,4,1,9,1,5,88604,21
9,9,9,1,1,9,9,9,9,9,9,9,9,9,9,9,9,9,9,9,9,9,1,1,2,2,3,2,7,1,0,61433,21
2,2,3,1,3,3,3,2,2,3,3,3,3,3,3,1,3,3,3,3,3,3,1,2,2,3,4,2,4,1,3,69031,21
3,3,3,1,3,3,3,2,3,3,3,3,3,3,3,1,3,3,3,3,3,3,1,1,1,5,2,1,14,1,4,6572,11
3,3,3,1,3,3,3,3,3,3,3,3,3,3,3,3,3,3,3,3,3,3,1,1,2,4,2,1,6,1,7,34083,11
3,3,3,1,3,3,3,1,3,3,3,3,3,3,3,3,3,3,3,3,3,3,1,1,1,3,1,1,7,1,6,25466,11
3,3,3,1,3,3,3,3,3,3,3,3,3,3,3,3,3,3,3,3,3,3,1,1,2,3,3,1,10,1,4,7783,11
3,3,3,2,3,3,3,2,3,3,3,3,3,3,3,1,3,3,3,3,3,3,1,1,2,3,3,2,14,4,3,65361,14
3,3,3,1,1,2,3,2,3,3,3,3,3,3,3,3,3,3,3,3,3,3,1,1,2,3,2,2,4,4,0,67199,14
3,3,3,3,3,1,3,2,3,3,3,2,3,3,3,3,3,3,3,3,3,3,1,2,2,5,3,1,-1,2,8,18360,12
3,3,3,3,3,3,3,3,3,3,3,3,3,3,1,3,3,3,3,3,3,3,1,2,2,4,3,2,7,2,5,24807,12
3,3,3,2,3,3,3,3,3,3,3,3,3,3,3,3,3,3,3,3,3,3,1,2,2,2,4,2,6,1,5,656324,11
3,2,3,2,3,3,1,3,3,3,3,3,3,3,3,3,3,3,3,3,3,3,1,2,2,3,2,2,99,1,5,21039,11
3,1,1,1,1,3,3,2,3,3,3,3,3,3,3,3,3,3,3,3,3,3,1,1,2,4,4,2,2,1,0,169530,21
3,3,3,2,3,3,3,3,3,3,3,3,3,3,3,3,3,3,3,3,3,3,1,2,1,4,3,1,7,1,8,37348,21
3,1,2,1,1,2,2,2,2,3,3,3,3,3,3,2,3,3,3,3,3,3,1,2,1,4,1,1,12,1,7,74023,21
3,3,3,3,1,3,1,3,3,3,3,3,3,3,3,3,3,3,3,3,3,3,1,1,2,3,4,1,14,1,4,123723,21
3,3,3,3,1,3,3,2,3,3,3,3,3,3,3,3,3,3,3,3,3,3,1,1,1,7,4,2,-1,3,0,10039,23
3,3,3,3,3,3,3,1,3,3,3,3,3,3,3,3,3,3,3,3,3,3,1,1,1,7,5,2,-1,3,0,15059,23
3,3,3,3,1,3,3,1,3,3,3,3,3,3,3,3,3,3,3,3,3,3,1,1,1,5,3,1,5,3,5,26214,23
3,3,3,1,3,3,3,1,3,3,3,3,3,3,3,3,3,3,3,3,3,3,1,1,2,3,3,2,5,3,6,69881,23
3,3,3,3,1,3,3,3,3,3,3,3,3,3,3,3,3,3,3,3,3,3,1,1,1,3,3,1,2,3,0,51974,23
3,3,3,1,1,2,3,1,3,3,3,3,3,3,3,3,3,3,3,3,3,3,1,1,1,7,1,1,7,1,0,4994,21
3,1,3,2,3,3,3,2,3,3,3,3,3,3,3,3,3,3,3,3,3,3,1,2,2,4,3,2,11,1,4,18280,21
3,3,3,2,3,3,3,2,3,3,3,3,3,3,3,3,3,3,3,3,3,3,1,1,2,7,2,2,-1,1,0,13869,21
3,3,3,3,3,3,3,1,3,3,3,3,3,3,3,3,3,3,1,3,3,3,1,1,1,5,1,1,7,4,3,52574,24
3,3,3,2,2,2,3,2,3,3,3,3,3,3,3,3,3,3,3,3,3,3,1,1,2,2,1,-1,12,4,6,311750,24
3,3,3,2,2,3,3,2,3,3,3,2,3,3,3,2,3,3,2,3,3,3,1,1,1,5,2,1,12,4,4,70099,24
3,3,3,3,3,3,3,3,3,3,3,3,3,3,3,3,3,1,1,3,3,3,1,1,1,6,1,1,7,4,8,45574,24
3,3,3,2,2,3,3,3,3,3,3,3,3,3,3,3,3,3,2,3,3,3,1,2,2,3,3,2,7,4,4,257669,24
3,1,3,1,1,3,3,1,3,3,3,1,3,3,3,1,3,3,3,3,3,3,1,2,2,3,3,1,-1,2,8,69311,22
3,2,3,1,1,2,3,2,2,3,2,3,3,3,3,3,3,3,3,3,3,3,1,1,2,3,4,2,14,2,6,46207,22
3,3,3,2,2,2,3,2,1,3,3,2,3,3,3,1,2,3,3,3,3,3,1,1,2,3,3,2,97,2,4,46207,22
2,2,3,1,2,3,3,2,3,3,3,3,3,3,3,3,3,3,3,3,3,3,1,1,1,7,1,2,-1,1,0,2959,21
2,3,3,2,2,2,3,2,3,3,3,2,3,3,3,3,3,3,3,3,3,3,1,1,1,7,1,2,5,2,8,4652,22
3,3,3,3,2,2,3,3,3,3,3,3,3,3,3,3,3,3,3,3,3,3,1,1,2,4,3,2,5,3,3,60941,13
3,3,3,2,2,3,3,3,3,3,3,3,3,3,3,3,3,3,3,3,3,3,1,1,2,3,4,2,12,3,4,86243,13
3,3,3,3,1,1,3,3,3,3,3,3,3,3,3,3,3,3,3,3,3,3,1,2,1,3,3,1,6,2,5,30798,12
3,2,3,2,3,3,3,2,3,3,3,3,3,3,3,3,3,3,3,3,9,9,1,1,2,3,4,1,6,1,7,61007,31
3,3,3,2,2,2,3,2,1,3,3,2,3,3,3,3,3,3,3,3,3,3,1,2,2,4,2,1,7,2,8,89491,42
3,3,3,3,3,3,3,1,3,3,3,3,3,3,3,3,3,3,3,3,3,3,1,1,1,6,4,2,-1,4,0,63570,44
3,3,3,1,3,3,3,1,3,3,3,3,3,3,3,3,3,3,3,3,3,3,1,1,1,5,1,1,5,1,6,78200,11
3,3,3,1,1,2,3,2,2,3,3,3,3,3,3,1,3,3,3,3,3,3,1,1,1,4,4,1,14,1,6,111285,11
3,3,3,1,1,3,3,3,3,3,3,3,3,3,3,3,3,3,3,3,3,3,1,1,2,2,3,1,5,1,2,179560,11
3,3,3,1,1,3,3,3,3,1,3,3,3,3,3,3,3,3,3,3,3,3,1,1,1,4,4,1,14,1,5,125577,11
3,3,3,1,3,3,3,3,3,3,3,3,3,3,3,1,3,3,3,3,3,3,1,1,1,2,4,2,3,3,2,27926,13
3,3,2,1,2,3,3,2,3,3,3,3,3,3,3,3,3,3,3,3,3,3,1,1,2,4,4,2,12,3,4,19871,13
3,3,3,3,2,3,3,3,3,3,3,3,3,3,3,3,3,3,3,3,3,3,1,1,2,3,1,2,4,3,3,21091,13
3,3,3,3,1,2,3,2,3,3,3,3,3,3,3,3,3,3,3,3,3,3,1,1,2,6,1,2,-1,3,3,17643,13
3,3,3,1,1,2,2,2,3,3,3,3,3,3,3,3,3,3,3,3,3,3,1,2,1,4,4,1,97,1,5,15775,11
3,3,3,3,1,3,3,3,3,3,3,3,3,3,3,3,3,3,3,3,3,3,1,2,2,2,3,2,8,1,6,67669,11
3,3,3,1,1,3,3,2,3,3,3,3,3,3,3,3,3,3,3,3,3,3,1,1,1,3,3,1,2,3,0,41256,13
3,3,3,1,1,2,3,2,3,3,3,3,3,3,2,2,3,3,3,3,3,3,1,1,1,5,4,1,2,3,5,8098,13
3,3,3,1,2,3,3,2,3,3,3,3,3,3,3,3,3,3,3,3,3,3,1,1,2,4,3,2,5,1,4,23025,41
3,3,3,2,1,2,3,3,3,3,3,3,3,3,2,3,3,3,3,3,3,3,1,2,1,6,4,1,2,1,6,23197,41
3,3,3,1,1,3,3,2,3,3,3,3,3,3,2,3,3,3,3,3,3,3,1,1,2,2,4,1,2,1,8,67035,41
3,3,3,3,3,3,3,1,3,3,3,3,3,3,3,3,3,3,3,3,3,3,1,2,2,6,3,2,-1,4,0,24023,14
3,3,3,2,3,2,3,2,3,3,3,2,3,3,2,2,3,3,3,3,3,3,1,1,1,2,3,1,6,1,8,183643,31
3,3,3,1,3,1,3,2,3,3,3,3,3,3,3,3,3,3,3,3,3,3,1,2,2,2,4,1,-1,1,4,307219,31
3,3,3,2,3,3,3,3,3,3,3,1,3,3,3,3,3,3,3,3,3,3,1,2,2,4,3,2,6,1,4,23232,31
3,3,3,1,3,3,3,3,3,3,3,1,3,3,3,3,3,3,3,3,3,3,1,1,1,3,4,1,12,3,6,28904,33
3,3,3,1,3,3,3,3,3,3,3,3,3,3,3,3,3,3,3,3,3,3,1,1,1,6,3,1,13,1,5,36821,31
3,8,3,1,3,3,3,2,3,1,3,3,3,3,3,3,3,3,3,3,9,9,1,1,1,3,3,1,14,2,7,103132,32
3,3,3,1,1,3,3,3,3,3,3,3,3,3,3,2,3,3,3,3,3,3,1,2,2,3,3,2,7,2,5,85438,32
3,3,3,1,3,3,3,2,3,3,3,3,3,3,3,3,3,3,3,3,3,3,1,1,1,5,2,1,5,2,7,88816,32
3,3,3,1,1,2,3,2,3,3,3,2,3,3,3,2,3,3,3,3,3,3,1,1,1,3,3,1,6,1,3,9360,31
3,3,3,1,3,2,3,3,3,3,3,3,3,3,3,2,3,3,3,3,3,3,1,1,2,3,3,1,2,1,7,7754,31
3,3,3,3,3,3,3,2,3,3,3,3,3,3,3,3,3,3,3,3,3,3,1,1,1,6,2,2,-1,1,0,11466,31
3,3,3,1,3,2,3,2,3,3,3,3,3,3,3,2,3,3,3,3,3,3,1,1,2,3,4,2,1,1,6,7355,31
3,3,3,1,2,2,3,1,3,3,3,3,3,3,3,2,3,3,3,3,3,3,1,1,1,3,4,1,6,1,4,13317,31
3,3,3,2,1,3,3,2,3,3,3,3,3,3,3,3,3,3,3,3,3,3,1,2,2,5,3,2,8,4,5,62475,14
3,3,3,1,1,3,3,2,3,3,3,3,3,3,3,3,3,3,3,3,3,3,1,1,2,3,4,2,5,3,2,14071,43
3,3,3,1,3,2,3,2,3,3,3,3,3,3,3,3,3,3,3,3,3,3,1,1,1,2,4,1,8,3,3,33820,43
3,3,3,2,3,1,3,2,3,3,3,3,3,3,3,3,3,3,3,3,3,3,1,1,1,5,3,1,11,3,4,33574,43
3,3,3,1,2,3,3,2,1,3,3,3,3,3,3,3,3,3,3,3,3,3,1,2,2,6,1,2,-1,3,4,73176,43
3,3,3,3,3,2,3,3,8,1,3,3,3,3,3,3,3,3,3,3,3,3,1,2,1,3,4,1,11,3,4,88576,43
3,3,3,3,3,3,3,3,1,3,3,3,3,3,3,3,3,3,3,3,3,3,1,1,1,5,3,1,7,3,8,167114,43
3,3,3,1,1,2,3,3,3,3,3,2,3,3,3,3,3,3,3,3,3,3,1,2,1,7,2,2,-1,3,0,30531,33
3,3,3,1,1,2,2,2,3,3,3,2,3,3,3,3,3,3,3,3,3,3,1,1,2,3,3,2,11,3,3,14098,33
3,2,3,1,2,3,3,1,3,3,3,3,3,3,2,2,3,3,2,3,3,3,1,2,2,4,3,1,12,3,8,5370,33
3,3,3,1,1,2,3,2,3,3,2,3,2,3,3,3,3,3,3,3,3,3,1,1,2,2,4,2,2,3,4,43057,33
3,3,3,2,2,2,3,2,1,3,3,2,3,3,3,3,3,3,3,3,3,3,1,2,2,4,3,1,5,2,7,67118,42
3,2,3,1,3,2,3,1,3,3,3,3,3,2,3,2,3,3,3,3,3,3,1,2,1,5,3,1,2,1,8,87878,31
3,3,3,1,3,3,3,3,3,3,2,2,3,3,3,3,3,3,3,3,3,3,1,1,2,4,4,2,2,1,6,27197,11
3,3,3,1,3,3,3,3,3,3,3,3,3,3,3,3,3,3,3,3,3,3,1,2,2,3,3,1,6,1,7,19244,11
3,3,3,1,3,3,3,2,3,3,3,3,3,3,3,3,3,3,3,3,3,3,1,2,1,3,4,1,12,1,6,18063,11
3,3,3,1,3,3,3,1,3,3,3,3,3,3,3,3,3,3,3,3,3,3,1,1,1,4,3,1,6,1,8,13268,11
3,3,3,1,3,3,3,3,3,3,3,3,3,3,3,3,3,3,3,3,3,3,1,1,1,3,4,1,2,1,7,18063,11
3,3,3,2,2,2,3,2,1,3,3,2,3,3,3,3,3,3,3,3,3,3,1,2,2,3,2,1,7,4,3,81275,44
3,3,3,2,2,2,3,2,1,3,3,3,3,3,3,2,3,3,3,3,3,3,1,2,1,3,4,1,5,4,3,127504,44
3,3,3,2,1,2,3,2,2,3,3,2,3,3,2,2,3,3,3,3,3,3,1,1,1,2,4,1,14,4,3,195344,44
3,3,3,2,2,2,3,2,2,3,3,2,3,3,3,3,3,3,3,3,3,3,1,1,2,4,3,2,4,4,3,163582,44
3,3,3,2,2,2,3,2,2,3,3,2,3,3,3,3,3,3,3,3,3,3,1,1,2,4,1,2,4,4,2,163582,44
3,3,3,2,2,2,3,2,1,3,3,2,3,3,2,3,3,3,3,3,3,3,1,2,2,4,2,2,4,4,4,218110,44
3,3,3,2,2,2,3,2,1,3,3,2,3,3,2,3,3,3,3,3,3,3,1,1,2,2,3,2,5,4,3,238128,44
3,3,3,2,1,2,3,2,1,3,3,2,3,3,2,2,3,3,3,3,3,3,1,1,1,4,3,1,7,4,3,159224,44
3,3,3,2,1,3,3,2,3,3,3,3,3,3,3,3,3,3,3,3,3,3,1,2,1,4,3,1,2,1,4,17212,41
3,3,3,2,1,3,3,2,3,3,3,3,3,3,2,2,3,3,3,3,3,3,1,2,1,6,4,1,9,1,3,5344,41
3,3,3,3,1,2,3,2,3,3,3,3,3,3,3,3,3,3,3,3,3,3,1,1,1,2,3,1,11,1,5,63348,41
3,3,3,1,2,2,3,2,3,3,3,3,3,3,3,3,3,3,3,3,3,3,1,1,1,3,4,1,-1,1,5,41349,41
3,3,3,1,1,2,3,2,3,3,3,3,3,3,3,3,3,3,3,3,3,3,1,2,2,4,3,1,10,1,3,8841,41
3,3,3,3,1,3,3,1,3,3,3,3,3,3,3,3,3,3,3,3,3,3,1,2,1,4,1,1,7,1,4,8606,41
3,3,3,3,1,3,3,3,3,3,3,3,3,3,3,3,3,3,3,3,3,3,1,1,2,5,3,1,11,1,7,30593,41
3,3,3,2,1,2,3,3,3,3,3,3,3,3,3,3,3,3,3,3,3,3,1,1,1,2,3,1,5,1,6,31674,41
3,3,3,1,1,2,3,2,3,3,3,2,3,3,3,3,3,3,3,3,3,3,1,1,1,6,4,1,7,1,3,10689,41
3,3,3,1,1,3,3,2,3,3,3,3,3,3,3,3,3,3,3,3,3,3,1,1,2,3,3,1,6,1,3,16217,41
3,3,3,2,1,3,3,2,3,3,3,3,3,3,3,3,3,3,3,3,3,3,1,1,1,6,1,1,5,1,3,5344,41
3,3,3,3,1,3,3,1,3,3,3,3,3,3,3,3,3,3,3,3,3,3,1,2,2,3,1,1,10,1,3,6589,41
3,3,3,2,1,3,3,2,3,3,3,3,3,3,3,3,3,3,3,3,3,3,1,2,2,2,2,2,8,1,4,34707,41
3,3,3,2,1,3,3,2,3,3,3,3,3,3,3,3,3,3,3,3,3,3,1,1,1,4,4,1,11,1,3,23207,41
3,3,3,1,2,3,3,2,3,3,3,3,3,3,3,3,3,3,3,3,3,3,1,2,2,5,3,2,11,1,6,18333,41
3,3,3,2,1,3,3,2,3,3,3,3,3,3,3,3,3,3,3,3,3,3,1,2,2,4,3,2,5,1,8,15895,41
3,3,3,2,1,3,3,2,3,3,3,3,3,3,3,3,3,3,3,3,3,3,1,1,2,4,3,2,7,1,4,15895,41
3,3,3,2,1,3,3,1,3,3,3,3,3,3,3,3,3,3,3,3,3,3,1,2,2,3,3,1,10,1,3,5923,41
3,3,3,3,1,2,3,2,3,3,3,3,3,3,3,3,3,3,3,3,3,3,1,2,1,2,3,1,10,1,4,28471,41
3,3,3,2,1,3,3,2,3,3,3,3,3,3,3,3,3,3,3,3,3,3,1,2,1,2,3,1,12,1,0,172767,41
3,3,3,3,1,3,3,2,3,3,3,2,3,3,3,3,3,3,3,3,3,3,1,2,2,2,4,2,8,1,8,315909,41
3,3,3,3,1,3,3,2,3,3,3,3,3,3,3,3,3,3,3,3,3,3,1,2,1,7,3,1,2,1,5,100258,41
3,3,3,3,1,3,3,3,3,3,3,3,3,3,3,3,3,3,3,3,3,3,1,2,2,7,2,1,10,1,3,100187,41
3,3,3,3,1,2,3,2,3,3,3,2,3,3,3,3,3,3,3,3,3,3,1,2,2,3,3,2,11,1,3,81266,41
3,3,3,2,1,3,3,2,3,3,3,3,3,3,3,3,3,3,3,3,3,3,1,1,2,3,2,2,11,1,4,81266,41
3,3,3,3,1,3,3,2,3,3,3,3,3,3,3,3,3,3,3,3,3,3,1,1,1,7,4,1,97,1,3,37782,41
3,3,3,2,1,2,3,1,3,3,3,2,3,3,3,3,3,3,3,3,3,3,1,2,2,6,2,1,1,1,5,157987,41
3,3,3,3,1,3,3,2,3,3,3,3,3,3,3,3,3,3,3,3,3,3,1,1,1,7,2,1,11,1,5,151129,41
3,3,3,3,2,1,3,3,2,3,3,3,3,3,3,3,3,3,3,3,3,3,1,2,2,4,2,1,3,1,8,163564,41
3,3,3,3,1,3,3,2,3,3,3,3,3,3,3,3,3,3,3,3,3,3,1,1,1,6,1,1,11,1,6,98871,41
3,3,3,3,1,3,3,3,3,3,3,3,3,3,3,3,3,3,3,3,3,3,1,1,2,5,1,2,12,1,5,170297,41
3,3,3,1,3,3,3,2,3,3,3,1,3,3,3,2,3,3,3,3,3,3,1,2,2,4,5,1,3,1,8,31695,31
3,3,3,1,3,3,3,2,3,3,3,2,3,3,3,3,3,3,3,3,3,3,1,2,2,3,4,1,14,1,8,25330,31
3,3,3,1,3,3,3,3,3,3,3,3,3,3,3,3,3,3,3,3,3,3,1,2,2,4,4,2,7,1,8,38591,31
3,3,3,3,3,3,3,1,3,3,3,3,3,3,3,3,3,3,3,3,3,3,1,1,1,3,5,1,11,1,8,70569,31
3,3,3,3,3,2,3,2,3,3,3,1,3,3,3,3,3,3,3,3,3,3,1,1,1,4,3,1,3,1,6,70191,31
3,2,2,1,2,2,3,2,3,3,3,3,3,3,3,3,3,3,3,3,3,3,1,2,1,4,4,1,7,1,8,265811,21
3,3,3,2,3,3,3,3,3,3,3,3,3,3,3,3,3,3,3,3,3,3,1,1,1,6,1,1,9,1,7,157162,21
3,2,3,1,3,3,3,2,3,3,3,3,3,3,3,3,3,3,3,3,3,3,1,1,2,4,3,2,5,1,4,279666,21
3,3,3,1,3,3,3,3,3,3,3,3,3,3,3,3,3,3,3,3,3,3,1,2,1,4,4,1,7,1,4,19297,21
3,3,3,1,3,3,1,3,3,3,3,3,3,3,3,3,3,3,3,3,3,3,1,2,1,2,3,2,7,1,8,50899,21
3,2,3,1,1,2,3,1,3,3,2,2,3,3,2,2,3,3,3,3,3,3,1,2,2,2,3,2,2,1,8,39024,21
3,3,3,2,1,3,9,3,3,3,3,3,3,3,3,3,3,3,3,3,3,3,1,2,2,2,4,2,2,1,6,81911,21
9,2,9,1,1,9,9,2,9,9,9,9,9,9,9,9,9,9,9,9,9,9,1,1,2,4,3,2,12,1,0,106542,21
9,2,2,1,1,9,9,2,9,9,9,9,9,9,9,9,9,9,9,9,9,9,1,2,1,5,4,1,6,1,8,36837,21
3,2,3,1,3,3,3,3,3,3,3,3,3,3,3,2,2,3,3,3,3,3,1,2,1,2,3,2,8,1,8,40064,21
3,1,3,1,3,3,3,2,3,3,3,3,3,3,3,3,3,3,3,3,3,3,1,2,1,6,4,1,8,1,0,31932,21
3,1,3,1,1,3,3,3,3,3,3,3,3,3,3,3,3,3,3,3,3,3,1,2,2,5,3,1,2,1,6,4542,21
3,3,3,2,1,3,3,2,3,3,3,3,3,3,3,3,3,3,3,3,3,3,1,2,1,7,4,2,-1,1,0,53948,31
3,3,3,1,1,2,3,2,3,2,1,3,3,3,3,3,3,3,3,3,3,3,1,2,1,4,3,1,14,1,5,80359,31
3,3,3,1,3,2,3,2,3,3,3,3,3,3,3,3,3,3,3,3,3,3,1,2,2,4,2,2,2,1,7,33136,31
3,3,3,1,2,2,3,2,3,3,3,3,3,3,3,3,3,3,3,3,3,3,1,1,1,3,3,1,7,1,6,35005,31
3,3,3,1,1,1,3,3,3,3,3,3,3,3,3,3,3,3,3,3,3,3,1,1,1,3,4,1,-1,1,0,33955,11
3,3,3,1,2,3,3,2,3,3,3,3,3,3,3,3,3,3,3,3,3,3,1,1,2,4,2,2,5,1,4,14667,11
3,3,3,1,2,3,3,2,3,3,3,3,3,3,3,3,3,3,3,3,3,3,1,2,2,3,2,1,-1,1,8,38917,11
3,3,3,1,3,3,3,3,3,3,3,3,3,3,3,1,3,3,3,3,3,3,1,2,2,2,3,1,11,1,0,46039,11
3,3,3,1,3,3,3,2,3,3,3,3,3,3,3,2,3,3,3,3,3,3,1,2,1,5,3,1,97,1,0,8484,11
3,3,3,2,3,2,3,3,3,3,3,1,3,3,3,3,3,3,3,3,3,3,1,2,1,2,3,1,5,4,4,57695,14
3,3,3,1,3,3,3,3,3,3,3,3,3,3,3,1,3,3,3,3,3,3,1,1,2,2,3,2,-1,4,0,96651,14
3,3,3,3,1,3,3,3,3,3,3,3,3,3,3,3,3,3,3,3,3,3,1,1,1,3,4,1,7,2,8,85844,42
3,3,3,1,3,3,3,1,3,3,3,3,3,3,3,3,3,3,3,3,3,3,1,1,1,5,1,1,7,2,3,32640,42
3,3,3,1,3,3,3,3,3,3,3,3,3,3,3,3,3,3,3,3,3,3,1,1,1,4,3,1,11,2,3,35733,42
3,3,3,1,3,1,3,3,3,3,3,3,3,3,3,3,3,3,3,3,3,3,1,1,2,2,4,1,10,2,8,80162,42
3,3,3,1,1,2,3,2,3,3,3,3,3,3,3,3,3,3,3,3,3,3,1,1,2,4,3,1,2,2,8,36712,42
3,3,3,1,1,2,3,2,3,3,3,3,3,3,3,3,3,3,3,3,3,3,1,2,1,5,3,1,5,2,8,65280,42
3,3,3,1,3,3,3,3,3,3,3,3,3,3,3,3,3,3,3,3,3,3,1,1,1,6,2,2,-1,2,0,11151,42
3,3,2,1,1,2,3,2,3,3,2,1,3,3,3,3,3,3,3,3,3,3,1,2,1,4,3,1,7,2,7,35913,42
3,3,3,1,3,1,3,3,3,3,3,3,3,3,3,3,3,3,3,3,9,9,1,2,1,4,3,1,5,2,6,89783,42
3,3,3,1,3,3,3,3,3,3,3,3,3,3,3,3,3,3,3,3,9,9,1,2,2,3,2,2,7,2,5,41246,42
3,3,3,1,1,3,3,3,3,3,3,3,3,3,3,1,3,3,3,3,9,9,1,2,1,6,2,1,4,2,4,33454,42
3,3,3,1,3,3,3,1,3,3,3,3,3,3,3,3,3,3,3,3,3,3,1,1,1,5,1,1,7,2,4,32804,42
3,3,3,1,3,3,3,3,3,3,3,3,3,3,3,3,3,3,1,3,3,9,1,2,1,6,1,1,7,4,4,62229,44
3,3,3,3,3,3,3,3,3,3,3,3,3,3,3,1,3,3,1,3,9,9,1,1,1,7,2,1,12,4,2,35670,44
3,3,3,1,3,3,3,3,3,3,3,3,3,3,3,3,3,3,3,3,3,3,1,1,1,2,3,1,11,4,3,184405,44
3,3,3,1,1,2,8,2,3,3,3,3,3,3,3,3,3,3,3,3,3,3,1,1,1,3,3,1,7,4,0,63074,14
3,3,3,2,1,2,9,2,3,3,3,3,3,3,3,3,3,3,3,3,3,3,1,1,2,4,3,2,7,4,3,63312,14
3,3,3,1,1,3,3,3,3,3,3,3,3,3,3,3,3,3,3,3,3,3,1,2,1,3,4,1,7,4,5,63074,14
3,3,3,1,1,2,3,1,2,3,3,2,3,3,2,3,3,3,3,3,3,3,1,1,1,4,3,1,5,4,8,92659,14
3,3,3,2,1,2,3,3,3,3,3,3,3,3,3,3,3,3,3,3,3,3,1,1,1,2,3,2,2,4,8,118636,14
3,3,3,1,1,2,3,3,1,3,3,3,3,3,3,1,3,3,3,3,3,3,1,1,1,4,3,1,4,4,8,46329,14
3,3,3,3,3,2,3,2,3,3,3,2,3,2,2,3,3,3,3,3,3,3,1,1,1,4,2,1,9,2,8,27229,12
3,3,3,3,2,3,3,3,2,3,3,3,3,3,3,3,3,3,3,3,3,3,1,2,2,4,3,2,7,2,3,37210,12
3,2,3,1,3,3,3,3,3,3,3,3,3,3,3,2,3,3,3,3,3,3,1,2,1,5,2,1,7,1,0,403178,11
3,3,3,2,3,3,3,3,3,3,3,3,3,3,3,3,3,3,3,3,3,3,1,1,2,3,5,1,1,1,0,443844,11
3,3,3,1,3,3,3,3,3,3,3,3,3,3,3,3,2,3,3,3,3,3,1,2,2,4,2,2,12,1,5,29733,11
3,3,3,2,3,3,3,3,3,3,3,3,3,3,3,3,3,3,3,3,3,3,1,2,2,4,3,2,12,1,5,29733,11
3,3,3,1,3,3,1,3,3,3,3,3,3,3,3,3,3,3,3,3,3,3,1,1,1,3,2,1,12,1,6,19747,11
3,3,3,1,3,3,2,3,3,3,3,3,3,3,3,3,3,3,3,3,3,3,1,2,2,3,1,2,8,1,4,21039,11
3,3,3,2,3,3,1,3,3,3,3,3,3,3,3,3,2,3,3,3,3,3,1,2,1,4,1,1,7,1,5,14505,11
3,3,3,2,3,3,3,3,3,3,3,3,3,3,3,3,3,3,3,3,3,3,1,1,2,2,4,2,10,1,3,43610,11
3,3,3,1,3,3,3,3,3,3,3,3,3,3,3,3,3,3,3,3,3,3,1,2,1,4,2,1,8,1,4,13555,11
3,2,2,2,2,3,3,2,3,3,3,3,3,3,3,3,3,3,3,3,3,3,1,1,1,2,3,2,99,1,0,106249,21
3,1,2,2,2,3,2,2,2,3,3,2,3,3,3,3,3,3,3,3,3,3,1,2,1,3,3,1,14,1,3,92857,21
3,1,3,3,1,2,3,3,3,3,3,3,3,3,3,3,3,3,3,3,3,3,1,2,1,4,3,1,5,1,8,37348,21
3,2,3,3,1,3,3,2,3,3,3,3,3,3,3,3,3,3,3,3,3,3,1,2,2,2,4,2,5,1,8,169935,21
3,1,2,2,1,3,3,3,3,3,3,3,3,3,3,3,3,3,3,3,3,3,1,2,1,3,4,1,5,1,5,92857,21
3,1,3,1,1,3,3,3,3,3,3,3,3,3,3,3,3,3,3,3,3,3,1,2,1,4,3,1,2,1,0,37348,21
3,3,3,2,1,2,2,1,2,3,3,3,3,3,3,3,3,3,3,3,3,3,1,1,2,3,3,2,14,1,5,123723,21
3,2,2,2,1,2,1,2,2,3,3,1,3,3,2,2,3,3,3,3,3,2,1,2,1,5,3,1,-1,1,8,126222,21
3,2,2,1,1,2,1,2,3,3,3,3,3,3,3,3,3,3,3,3,3,3,1,2,1,4,4,1,7,1,6,55517,21
3,3,3,3,1,2,3,3,3,3,3,3,3,3,3,3,3,3,3,3,3,3,1,2,1,3,3,1,14,3,3,42940,23
3,3,3,3,2,3,3,3,1,3,3,3,3,3,3,3,3,3,3,3,3,3,1,1,2,2,3,2,5,3,5,78583,23
3,3,3,3,1,2,3,2,3,3,3,3,3,3,3,3,3,3,3,3,3,3,1,2,1,4,3,1,5,3,3,17271,23
3,3,3,3,3,3,3,3,1,3,3,3,3,3,3,3,3,3,3,3,3,3,1,2,2,3,3,2,-1,3,0,57734,23
3,3,3,3,1,2,3,3,3,3,3,3,3,3,3,3,3,3,3,3,3,3,1,2,1,4,4,1,2,3,5,43177,23
3,3,3,3,1,2,3,3,3,3,3,3,3,3,3,3,3,3,3,3,3,3,1,1,1,2,3,2,6,3,4,51248,23
3,3,3,3,2,1,2,3,3,3,3,3,3,3,3,3,3,3,3,3,3,3,1,1,1,2,4,2,2,3,0,51248,23
3,3,3,3,1,2,3,2,8,3,3,3,3,3,3,3,3,3,3,3,3,3,1,1,1,4,4,1,2,3,4,25906,23
3,2,3,1,1,3,3,3,3,3,3,3,3,3,3,3,3,3,3,3,3,3,1,2,1,3,3,1,7,3,4,42940,23
3,3,3,1,3,2,3,3,3,3,3,3,3,3,3,3,3,3,3,3,3,3,1,1,1,4,3,1,5,3,7,38433,23
3,1,3,3,3,3,3,3,3,3,3,3,3,3,3,1,3,3,3,3,3,3,1,1,1,3,4,1,8,3,5,47777,23
3,3,3,2,1,3,3,2,2,3,3,2,3,3,3,3,3,3,3,3,3,3,1,2,2,3,4,1,2,3,8,64237,23
3,3,3,1,1,1,3,1,1,2,1,2,3,3,3,2,3,3,3,3,3,3,1,2,2,4,4,1,2,3,7,121308,23
3,3,3,1,3,3,3,3,3,3,3,3,3,3,3,1,3,3,3,3,3,3,1,1,1,3,4,1,5,3,6,51974,23
3,1,3,3,3,3,3,3,3,3,3,3,3,3,3,1,3,3,3,3,3,3,1,2,1,3,5,1,1,3,8,51974,23
3,3,3,2,1,2,3,3,3,3,3,3,3,3,3,3,3,3,3,3,3,3,1,2,1,3,4,1,5,3,6,77962,23
3,3,3,3,2,3,3,2,2,3,3,3,3,3,3,3,3,3,3,3,3,3,1,2,1,7,1,2,-1,1,6,4994,21
3,3,3,2,3,3,3,3,3,3,3,3,3,3,3,3,3,3,3,3,3,3,1,1,1,5,3,1,2,1,5,15801,21
3,3,3,3,1,3,3,1,3,3,3,3,3,3,3,3,3,3,3,3,3,3,1,1,1,6,2,1,7,4,4,71294,24
3,3,3,2,2,2,3,2,3,3,3,3,3,3,3,3,3,2,1,3,3,3,1,1,2,5,2,2,99,4,0,121073,24
3,3,3,3,2,3,3,3,3,3,3,3,3,3,3,3,3,3,1,3,3,3,1,1,2,5,1,1,97,4,7,60537,24
3,2,3,1,1,1,1,2,3,3,3,3,3,3,3,3,3,3,3,3,3,3,1,2,2,5,1,2,4,4,5,90805,24
3,3,3,2,1,2,3,2,2,3,3,2,3,3,3,2,2,2,2,3,3,2,1,2,1,5,2,1,12,2,7,37712,22
3,3,3,1,3,3,3,1,3,3,3,3,3,3,3,3,3,3,3,3,3,3,1,2,1,4,5,1,1,1,8,47597,21
3,2,1,3,2,3,2,3,3,3,3,3,3,3,3,3,3,3,3,3,3,3,1,1,1,2,3,2,12,1,8,141235,21
3,1,3,2,2,2,3,3,3,3,3,3,3,3,3,3,3,3,3,3,3,3,1,1,2,2,3,2,2,1,8,288758,21
3,2,3,1,2,2,3,3,2,3,3,3,3,3,3,3,3,3,3,3,3,3,1,1,1,2,2,1,5,1,8,94157,21
3,1,3,1,1,3,3,3,1,3,3,3,3,3,3,3,3,3,3,3,3,3,1,1,1,4,4,1,8,1,3,47597,21
3,2,2,2,1,3,3,3,3,3,3,3,3,3,3,3,3,3,3,3,3,3,1,2,1,4,4,1,2,1,5,47597,21
3,2,3,1,1,3,3,2,3,3,3,3,3,3,3,3,3,3,3,3,3,3,1,2,2,4,5,1,1,1,0,150235,21
3,1,3,1,2,3,3,3,3,3,3,3,3,3,3,3,3,3,3,3,3,3,1,2,1,3,3,1,5,1,8,112447,21
3,2,2,1,1,3,3,3,3,3,3,3,3,3,3,3,3,3,3,3,3,3,1,1,1,3,4,1,5,1,0,112447,21
3,3,2,1,1,3,3,3,3,3,3,3,3,3,3,3,3,3,3,3,3,3,1,2,1,2,2,2,6,1,8,134202,21
3,2,3,2,2,3,3,1,3,3,3,3,3,3,3,3,3,3,3,3,3,3,1,2,1,2,4,2,1,1,0,41747,21
3,2,2,1,1,2,2,2,2,2,2,3,3,3,3,2,3,3,3,3,3,2,1,1,2,4,4,1,3,1,3,16653,21
3,3,3,2,2,2,3,2,2,3,3,3,3,3,3,1,3,3,2,3,3,3,1,1,2,3,3,1,2,2,5,8917,22
3,3,3,2,2,2,2,3,2,3,3,2,3,3,3,3,3,3,3,3,3,3,1,2,2,2,2,2,12,2,4,16182,22
3,3,3,1,2,2,3,2,2,3,3,3,3,3,3,3,3,3,3,3,3,3,1,1,2,2,3,2,7,2,0,16182,22
3,3,3,1,2,2,3,2,3,3,3,3,3,3,3,3,3,3,3,3,3,3,1,1,1,2,3,1,12,2,5,13192,22
3,3,3,1,2,2,3,2,3,3,3,2,3,3,3,3,3,3,3,3,3,3,1,1,1,4,2,1,5,2,5,4001,22
3,3,3,3,2,2,3,3,3,3,3,3,3,3,3,3,3,3,3,3,3,3,1,2,2,2,3,2,10,2,4,16182,22
3,3,3,2,2,3,3,2,3,3,3,3,3,1,2,3,3,3,3,3,3,3,1,1,1,2,4,1,7,2,0,73366,12
3,3,3,2,2,3,3,3,3,3,3,3,3,3,3,3,3,3,3,3,3,3,1,1,1,7,1,2,-1,3,0,19521,13
3,3,3,3,2,2,3,3,3,3,3,3,3,3,3,3,3,3,3,3,3,3,1,1,2,4,2,2,4,3,0,40627,13
3,3,3,2,2,3,3,3,3,3,3,3,3,3,3,3,3,3,3,3,3,3,1,1,2,4,3,2,-1,3,0,60941,13
3,3,3,2,2,3,3,3,3,3,3,3,3,3,3,3,3,3,3,3,3,3,1,2,2,6,2,2,4,3,5,28857,13
3,3,3,3,2,3,3,3,3,3,3,3,3,3,3,3,3,3,3,3,3,3,1,1,1,4,2,1,7,2,5,15081,12
3,3,3,2,1,2,3,2,3,3,3,3,3,3,3,3,3,3,3,3,3,3,1,1,2,4,3,1,8,2,3,30915,12
3,3,3,2,1,2,3,2,3,3,3,3,3,3,3,3,3,3,3,3,3,3,1,1,1,3,3,1,14,2,5,20532,12
3,3,3,2,2,3,3,2,3,3,3,3,3,3,3,3,3,3,3,3,3,3,1,1,2,4,3,2,5,2,7,21387,12
3,3,3,3,1,3,3,3,3,3,3,3,3,3,3,3,3,3,3,3,3,3,1,1,2,2,3,2,7,2,6,33568,12
3,3,3,3,1,3,3,3,3,3,3,3,3,3,3,3,3,3,3,3,3,3,1,1,2,5,2,2,12,2,5,10553,12
3,3,3,3,1,3,3,3,3,3,3,3,3,3,3,3,3,3,3,3,3,3,1,1,1,2,3,2,14,2,5,40076,12
3,3,3,3,1,2,3,3,3,3,3,3,3,3,3,3,3,3,3,3,3,3,1,1,2,2,4,2,7,2,4,33568,12
3,3,3,3,1,1,3,3,3,3,3,3,3,3,3,3,3,3,3,3,3,3,1,2,1,3,4,1,7,2,7,42614,12
3,3,3,3,2,2,3,2,3,3,3,3,3,3,3,3,3,3,3,3,3,3,1,1,2,2,4,2,7,2,4,33568,12
3,3,3,1,3,3,3,2,3,3,3,3,3,3,3,3,3,3,3,3,3,3,1,2,1,2,3,1,2,1,0,23837,31
3,1,3,1,3,3,3,1,3,3,3,3,3,3,3,3,3,3,3,3,3,3,1,1,2,4,3,1,2,1,8,16524,31
3,1,3,1,3,3,3,1,3,3,3,3,3,3,3,3,3,3,3,3,9,9,1,1,1,5,5,1,1,1,8,20830,31
3,1,3,1,3,3,3,1,3,3,3,3,3,3,3,3,3,3,3,3,9,9,1,2,1,4,3,1,2,1,5,20036,31
3,1,1,1,3,3,3,1,3,3,3,3,3,3,3,3,3,3,3,3,9,9,1,2,1,3,4,1,6,1,8,17455,31
3,1,3,1,3,3,3,3,3,1,3,3,3,3,3,3,3,3,3,3,9,9,1,2,1,3,3,1,14,1,6,17455,31
3,2,3,1,3,3,3,2,3,3,3,2,3,3,3,3,3,3,3,3,3,3,1,2,1,5,1,1,12,1,7,10415,31
3,2,3,1,3,3,3,2,3,3,3,3,3,3,3,3,3,3,3,3,3,3,1,1,1,4,3,1,14,1,5,84527,31
3,2,2,1,3,3,3,2,3,3,3,3,3,3,3,3,3,3,3,3,3,3,1,2,1,5,3,1,14,1,8,65909,31
3,1,3,2,3,3,3,2,3,3,3,3,3,3,3,3,3,3,3,3,9,9,1,2,2,3,3,1,14,1,7,61007,31
3,1,3,1,3,2,3,2,3,1,3,3,3,3,3,3,3,3,3,3,3,3,1,1,1,5,4,1,2,1,7,97190,31
3,3,3,2,2,2,3,2,1,3,3,2,3,3,2,3,3,2,3,3,3,3,1,2,2,7,1,1,-1,2,4,139436,42
3,3,3,2,2,2,3,2,1,3,3,2,3,3,3,3,3,3,3,3,3,3,1,1,2,2,3,2,99,2,3,97704,42
3,3,3,2,2,2,3,2,1,3,3,2,3,3,2,2,3,3,3,3,3,3,1,2,1,3,3,1,8,2,3,52315,42
3,3,3,2,2,2,3,2,1,3,3,2,3,3,2,2,3,2,2,3,3,3,1,2,1,3,3,1,8,2,3,52315,42
3,3,3,2,2,2,3,2,1,3,3,2,3,3,3,3,3,3,3,3,3,3,1,2,2,2,3,2,5,2,3,97704,42
3,3,3,2,2,2,3,2,1,3,3,2,3,3,3,2,3,2,2,3,3,3,1,2,1,5,1,1,4,2,3,39783,42
3,3,3,1,2,2,3,2,1,2,2,2,3,3,3,2,3,3,3,3,3,3,1,1,1,3,3,1,8,2,4,85181,42
3,3,3,2,2,2,3,2,1,3,3,2,3,3,3,3,3,3,3,3,3,3,1,1,2,2,3,2,5,2,3,97704,42
3,3,3,2,2,2,3,2,1,3,3,2,3,3,3,3,3,3,3,3,3,3,1,1,2,6,2,2,11,2,5,108049,42
3,3,3,2,2,2,3,2,1,3,3,2,3,3,3,3,3,3,3,3,3,3,1,1,2,2,3,2,5,2,3,97434,42
3,3,3,2,2,2,3,2,1,3,3,2,3,3,2,2,3,3,3,3,3,3,1,2,1,4,3,1,5,2,3,43433,42
3,3,3,2,2,2,3,2,1,3,3,2,3,3,2,2,3,3,3,3,3,3,1,1,2,3,2,2,5,2,3,33255,42
3,3,3,2,2,2,3,2,1,3,3,2,3,3,2,3,3,3,3,3,3,3,1,2,2,4,2,2,5,2,3,66932,42
3,3,3,2,2,2,3,2,1,3,3,2,3,3,2,2,3,3,3,3,3,3,1,1,1,4,3,1,7,2,4,65149,42
3,3,3,3,2,2,3,2,1,3,3,3,3,3,3,3,3,3,3,3,3,3,1,2,2,3,3,2,5,2,3,33255,42
3,3,3,2,2,2,3,1,3,3,3,2,3,3,3,3,3,3,3,3,3,3,1,1,2,5,2,2,-1,2,5,77199,42
3,3,3,2,2,2,3,1,1,3,3,2,3,3,3,3,3,3,3,3,3,3,1,2,1,4,4,1,12,2,4,65149,42
3,3,3,2,2,2,3,2,1,3,3,2,3,3,2,2,3,3,3,3,3,3,1,1,1,3,3,1,7,2,3,52170,42
3,3,3,2,2,2,3,2,1,3,3,2,3,3,3,3,3,3,3,3,3,3,1,2,1,5,2,1,7,2,4,39673,42
3,3,3,2,2,2,3,2,1,3,3,2,3,3,3,3,3,3,3,3,3,3,1,1,1,3,3,1,7,2,3,52170,42
3,3,3,3,1,2,3,3,3,3,3,3,3,3,3,3,3,3,3,3,3,3,1,2,1,2,4,2,5,4,4,282563,44
3,3,3,2,1,2,3,2,3,3,3,2,3,3,3,3,3,3,3,3,3,3,1,1,1,4,4,1,2,4,0,102363,44
3,3,3,3,1,1,3,2,3,3,3,3,3,3,3,3,3,3,3,3,3,3,1,1,2,2,4,2,6,4,4,459267,44
3,3,3,1,1,3,3,3,3,3,3,3,3,3,3,3,3,3,3,3,3,3,1,1,1,5,4,1,6,1,8,58650,11
3,3,3,1,1,3,3,2,3,3,3,3,3,3,3,1,3,3,3,3,3,3,1,1,1,4,3,1,5,1,7,74190,11
9,9,9,1,1,3,9,2,3,9,9,9,9,9,3,3,3,3,3,3,3,3,1,2,2,3,3,1,5,1,8,107609,11
3,3,3,1,1,1,3,3,3,3,3,2,3,3,3,3,3,3,3,3,3,3,1,1,1,6,3,1,2,1,8,117200,11
3,3,3,1,1,3,3,3,3,3,3,3,3,3,3,1,3,3,3,3,3,3,1,1,1,5,3,1,5,1,5,66182,11
3,3,3,3,1,3,1,3,3,3,3,3,3,3,3,2,3,3,3,3,3,3,1,1,1,3,5,1,2,1,8,170963,11
9,9,9,2,1,3,9,2,2,9,9,9,9,9,3,2,3,9,3,3,3,3,1,1,2,6,3,1,5,1,8,121890,11
3,3,3,1,3,3,3,3,2,3,3,3,3,3,3,3,3,3,3,3,3,3,1,2,1,2,3,1,4,3,3,18618,13
3,3,3,1,2,3,3,3,3,3,3,3,3,3,3,1,3,3,3,3,3,3,1,2,2,3,3,1,14,3,8,42182,13
3,3,3,3,1,3,3,3,3,3,3,3,3,3,3,3,3,3,3,3,3,3,1,2,2,6,1,2,4,3,3,7057,13
3,3,3,1,2,2,3,2,3,3,3,3,3,3,3,3,3,3,3,3,3,3,1,1,2,7,1,1,7,3,4,30706,13
3,3,3,1,1,3,3,3,3,3,3,3,3,3,3,3,3,3,3,3,3,3,1,1,2,3,3,2,5,3,2,21091,13
3,3,3,1,1,2,3,2,2,2,3,2,3,2,2,1,3,3,3,3,3,3,1,2,2,2,3,1,13,1,8,101504,11
3,3,3,1,2,2,3,2,3,3,3,3,3,3,3,3,3,3,3,3,3,3,1,2,1,3,4,1,11,1,5,23319,11
3,3,3,3,1,3,3,3,3,3,3,3,3,3,3,3,3,3,3,3,3,3,1,2,1,2,3,1,11,1,8,21930,11
3,3,3,1,1,3,3,3,3,3,3,3,3,3,3,3,3,3,3,3,3,3,1,2,2,4,3,1,-1,1,5,35110,11
3,2,3,1,1,1,3,1,3,3,3,3,3,3,1,1,3,3,3,3,3,3,1,1,1,2,4,1,-1,3,7,96998,13
3,3,3,1,1,2,3,2,2,3,3,1,3,3,3,3,3,3,3,3,3,3,1,2,2,3,4,2,11,3,4,43954,13
3,3,3,1,3,3,3,2,3,3,3,3,3,3,3,3,3,3,3,3,3,3,1,2,2,4,3,2,2,3,4,61426,13
3,3,3,2,2,3,3,2,3,3,3,3,3,3,3,3,3,3,3,3,3,3,1,1,1,2,3,2,4,3,0,59020,13
3,3,3,1,3,3,3,3,3,3,3,1,3,3,3,3,3,3,3,3,3,3,1,2,2,3,4,2,6,3,5,44575,13
3,3,3,1,2,3,3,2,3,3,3,2,3,3,2,2,3,3,3,3,3,3,1,1,1,2,4,2,2,3,7,57551,13
3,3,3,1,3,3,3,3,3,3,3,1,3,3,2,3,3,3,3,3,3,3,1,1,1,3,4,1,1,3,4,41838,13
3,3,3,3,3,3,3,3,3,3,3,3,3,3,1,3,3,3,3,3,3,3,1,1,1,2,4,1,5,1,8,68739,41
3,3,3,1,1,3,3,3,3,3,3,3,3,3,3,2,3,3,3,3,3,3,1,2,1,2,4,1,99,1,6,54991,41
3,3,3,2,1,3,3,3,3,3,3,3,3,3,1,2,3,3,3,3,3,3,1,1,2,3,5,1,2,1,8,22880,41
3,3,3,3,1,2,3,2,3,3,3,3,3,3,3,3,3,3,3,3,3,3,1,1,1,2,4,1,7,1,8,41243,41
3,3,3,3,2,3,3,2,3,3,3,3,3,3,3,3,3,3,3,3,3,3,1,1,1,5,3,1,2,1,5,20471,41
3,3,3,2,1,2,3,3,3,3,3,3,3,3,1,3,3,3,3,3,3,3,1,2,1,2,4,1,7,1,8,54991,41
3,3,3,2,1,3,3,2,3,3,3,3,3,3,3,3,3,3,3,3,3,3,1,2,1,6,2,1,7,1,8,23197,41
3,3,3,3,1,2,1,2,3,3,3,3,3,3,3,3,3,3,3,3,3,3,1,2,2,3,4,2,6,1,5,11440,41
3,3,3,1,1,2,3,2,3,3,3,3,3,3,3,3,3,3,3,3,3,3,1,1,2,6,3,1,9,1,6,19968,41
3,3,3,2,1,3,3,3,3,3,3,3,3,3,3,3,3,3,3,3,3,3,1,1,2,2,4,2,5,1,0,58988,41
3,3,3,1,1,2,3,2,3,3,3,3,3,3,3,3,3,3,3,3,3,3,1,2,1,3,4,1,14,1,7,42113,41
3,3,3,1,1,1,3,1,3,3,3,3,3,3,3,3,3,3,3,3,3,3,1,2,1,4,3,1,8,4,3,24750,14
3,3,3,1,3,3,3,2,3,3,3,2,3,3,3,3,3,3,3,3,3,3,1,2,1,4,4,1,12,4,6,49500,14
3,3,3,1,3,3,3,2,3,3,3,2,3,3,3,3,3,3,3,3,3,3,1,1,1,6,2,1,11,4,6,52131,14
3,3,3,3,3,3,3,3,3,3,3,3,3,3,1,3,3,3,3,3,3,3,1,2,1,3,3,1,8,1,5,73627,31
3,3,3,3,3,3,3,3,3,3,3,3,3,3,3,2,3,3,3,3,3,3,1,1,1,5,2,2,-1,1,0,53431,31
3,3,3,3,3,3,3,3,3,3,3,3,3,3,3,3,3,1,3,3,3,3,1,1,1,4,1,1,4,4,5,93376,34
3,3,3,1,3,3,3,3,3,3,3,3,3,3,3,3,3,3,3,3,3,3,1,1,1,2,5,2,5,3,8,87427,33
3,3,3,2,3,3,3,2,3,2,3,1,3,3,2,3,2,3,3,3,3,3,1,2,1,2,3,2,4,3,0,60969,33
3,3,3,1,3,3,3,2,3,3,3,2,3,3,3,3,3,3,3,3,3,3,1,1,1,4,4,1,4,3,7,33176,33
3,3,3,1,3,3,3,3,3,3,3,3,3,3,3,3,3,3,3,3,3,3,1,1,2,3,3,1,12,2,2,39700,32
3,3,3,2,3,3,3,3,3,3,3,3,3,3,3,3,3,3,3,3,3,3,1,2,2,5,1,2,4,1,0,47419,31
3,3,3,1,3,2,3,3,3,3,3,3,3,3,3,3,3,3,3,3,3,3,1,1,1,5,3,1,11,1,3,11366,31
3,3,3,2,3,2,3,3,3,2,3,2,3,3,3,3,3,3,3,3,3,3,1,1,2,2,3,-1,2,1,6,67169,31
3,3,3,2,3,3,3,3,3,3,3,3,3,3,3,3,3,3,3,3,3,3,1,1,1,5,2,1,11,1,3,17049,31
3,3,3,1,3,3,3,3,3,3,3,3,3,3,3,3,3,3,3,3,3,3,1,1,2,2,4,2,11,1,0,72134,31
3,3,3,2,3,3,3,3,3,3,3,3,3,3,3,2,3,3,3,3,3,3,1,2,1,2,4,2,-1,1,0,43119,31
3,3,3,3,3,3,3,3,3,3,3,3,3,3,3,3,3,3,3,3,3,3,1,1,2,2,2,2,12,4,0,162087,34
3,3,3,2,3,2,3,3,3,3,3,3,3,3,3,1,3,3,3,3,3,3,1,2,1,4,3,1,4,4,6,73534,34
3,3,3,3,1,3,3,3,3,3,3,3,3,3,3,3,3,3,3,3,3,3,1,1,1,5,1,1,4,4,3,38224,34
3,3,3,1,3,3,3,3,3,3,3,3,3,3,3,2,3,3,3,3,3,3,1,1,1,3,3,1,7,2,7,103132,32
3,3,3,2,1,2,3,2,3,3,3,3,3,3,3,3,3,3,3,3,3,3,1,1,2,2,4,2,14,2,0,391401,32
3,3,3,2,3,3,2,2,3,3,3,1,3,3,3,2,3,3,3,3,3,3,1,2,2,3,3,1,10,2,0,85438,32
3,3,3,1,3,3,3,2,3,3,3,3,3,3,3,3,3,3,3,3,3,3,1,2,1,2,2,1,8,2,5,150084,32
2,3,3,1,2,2,3,2,3,3,3,1,3,3,3,3,3,3,3,3,3,3,1,2,1,5,3,1,-1,2,0,88816,32
3,3,3,1,3,3,3,2,3,3,3,3,3,3,3,3,3,3,3,3,3,3,1,2,2,2,3,2,9,2,5,251078,32
3,3,3,2,1,2,3,2,3,3,3,3,3,3,3,3,3,3,3,3,3,3,1,1,1,2,4,2,14,2,0,225126,32
3,3,3,1,3,3,3,2,3,3,3,3,3,3,3,3,3,3,3,3,3,3,1,1,2,4,2,1,3,1,6,8860,31
3,3,3,1,3,2,3,2,3,3,3,3,3,3,3,3,3,3,3,3,3,3,1,1,1,3,4,1,8,1,4,9360,31
3,2,3,1,3,2,3,2,3,3,3,3,3,3,3,3,3,3,3,3,3,3,1,1,1,3,4,1,9,1,0,4680,31
3,3,3,1,3,3,3,2,3,3,3,3,3,3,3,3,3,3,3,3,3,3,1,1,2,4,8,1,3,1,4,8860,31
3,3,3,2,3,3,3,3,3,3,3,3,3,3,3,3,3,3,3,3,3,3,1,1,2,3,3,2,2,1,4,7754,31
3,3,3,1,3,2,3,2,3,3,3,3,3,3,3,3,3,3,3,3,3,3,1,1,2,3,3,1,5,1,5,7754,31
3,3,3,1,3,3,3,2,3,3,3,3,3,3,3,3,3,3,3,3,3,3,1,1,1,4,5,1,1,1,8,10191,31
3,3,3,1,3,3,3,3,3,3,3,3,3,3,3,3,3,3,3,3,3,3,1,1,2,2,3,2,8,1,4,33694,31
3,3,3,1,3,3,3,2,3,3,3,3,3,3,3,2,3,3,3,3,3,3,1,1,1,3,3,1,2,1,0,8878,31
3,3,3,3,1,1,3,2,3,3,3,2,3,3,3,3,3,2,2,3,3,3,1,1,2,2,4,2,4,4,8,149048,14
3,3,3,3,1,3,3,3,3,3,3,3,3,3,3,3,3,3,3,3,3,3,1,1,1,3,4,1,2,4,4,31536,14
3,3,3,3,1,3,3,2,3,3,3,3,3,3,3,3,3,3,3,3,3,3,1,1,1,4,4,1,5,4,7,115820,14
3,3,3,1,1,1,3,1,1,3,3,2,3,3,3,3,3,3,3,3,3,3,1,1,1,4,3,1,5,4,4,69492,14
3,3,3,2,1,2,3,3,3,3,3,3,3,3,3,3,3,3,3,3,3,3,1,1,2,4,4,2,2,3,4,18881,43
3,3,3,3,1,2,3,1,3,3,3,3,3,3,3,3,3,3,3,3,3,3,1,1,1,5,4,1,2,3,8,41967,43
3,3,3,1,1,3,3,2,3,3,3,3,3,3,3,3,3,3,3,3,3,3,1,1,2,4,4,2,6,3,2,28321,43
3,3,3,1,2,1,3,3,3,3,3,3,3,3,3,3,3,3,3,3,3,3,1,2,2,2,4,2,-1,3,3,61841,43
3,3,3,1,2,2,3,1,3,3,3,3,3,3,3,3,3,3,3,3,3,3,1,1,1,4,4,1,3,3,8,36755,43
3,3,3,3,3,3,3,1,3,3,3,3,3,3,3,3,3,3,3,3,3,3,1,1,2,5,4,2,2,3,3,32666,43
3,3,3,1,3,2,3,2,3,3,3,3,3,3,3,3,3,3,3,3,3,3,1,1,2,3,4,2,5,3,3,14071,43
3,3,3,1,1,1,3,2,3,3,3,3,3,3,3,3,3,3,3,3,3,3,1,1,1,3,4,1,6,3,8,11037,43
3,3,3,2,1,2,3,2,3,3,3,2,3,3,3,3,3,3,3,3,3,3,1,2,2,3,2,2,5,3,3,14071,43
3,3,3,1,1,2,3,2,3,3,3,2,3,3,3,3,3,3,3,3,3,3,1,2,2,2,3,2,97,3,0,41227,43
3,3,3,2,2,2,3,2,3,3,3,3,3,3,3,1,3,3,3,3,3,3,1,1,1,4,3,1,4,3,0,18378,43
3,3,3,2,1,2,3,2,3,3,3,2,3,3,3,3,3,3,3,3,3,3,1,2,1,2,3,2,8,3,4,50730,43
3,3,3,2,2,3,3,3,1,3,3,3,3,3,3,3,3,3,3,3,3,3,1,1,2,3,4,2,11,3,5,56461,43
3,3,3,3,2,3,3,1,3,3,3,3,3,3,3,3,3,3,3,3,3,3,1,2,2,3,4,2,11,3,2,56461,43
3,3,3,2,3,2,3,3,1,3,3,3,3,3,3,3,3,3,3,3,3,3,1,1,1,2,3,1,5,3,4,339260,43
3,3,3,2,3,2,3,1,1,3,3,3,3,3,2,1,3,3,3,3,3,3,1,1,1,5,2,1,11,3,4,168394,43
3,3,3,3,3,3,3,2,2,3,3,3,3,3,3,1,3,3,3,3,3,3,1,2,1,4,1,1,11,3,4,110612,43
3,3,3,3,3,1,3,1,1,3,3,3,3,3,3,1,3,3,3,3,3,3,1,1,2,5,1,2,4,3,4,173433,43
3,3,3,3,3,3,3,3,1,3,3,3,3,3,3,3,3,3,3,3,3,3,1,1,1,5,1,1,4,3,3,66846,43
3,3,3,1,2,2,3,2,3,2,3,3,3,2,3,3,3,2,3,3,3,3,1,1,2,6,1,2,5,3,4,38430,33
3,3,3,1,1,3,3,1,3,3,3,3,3,3,3,3,3,3,3,3,3,3,1,1,2,2,4,2,14,3,3,64585,33
3,3,3,1,1,2,3,2,3,3,3,3,3,3,3,3,3,3,3,3,3,3,1,1,1,2,3,2,6,3,0,38606,33
3,3,3,2,3,3,3,3,3,3,3,3,3,3,3,3,3,3,3,3,3,3,1,1,2,7,3,1,9,1,8,46175,31
3,3,3,3,3,2,3,3,3,3,3,3,3,3,3,3,3,3,3,3,3,3,1,1,1,2,4,2,-1,1,0,14373,31
3,3,3,1,2,2,3,3,3,3,3,3,3,3,3,3,3,3,3,3,3,3,1,1,2,3,1,2,14,2,0,128157,32
3,3,3,1,2,2,3,3,3,3,3,3,3,3,3,3,3,3,3,3,3,3,1,1,2,5,2,2,7,2,0,164682,32
3,3,3,3,2,3,3,1,3,3,3,1,3,3,3,3,3,3,3,3,3,3,1,2,2,2,1,2,2,2,5,260934,32
3,3,3,1,3,3,3,3,3,3,3,3,3,3,3,3,3,3,3,3,3,3,1,2,2,6,4,1,8,1,8,13450,11
3,3,3,1,3,3,3,1,3,3,3,3,3,3,3,3,3,3,3,3,3,3,1,1,1,7,2,1,12,1,6,4549,11
3,3,3,1,3,3,3,1,3,3,3,3,3,3,3,3,3,3,3,3,3,3,1,1,2,6,2,2,-1,1,0,6725,11
3,3,3,1,3,3,3,2,3,3,3,3,3,3,3,3,3,3,3,3,3,3,1,1,2,5,3,1,7,1,8,23358,11
3,3,3,1,3,3,3,3,3,3,3,3,3,3,3,3,3,3,3,3,3,3,1,1,2,7,3,1,99,1,0,43891,11
3,3,3,1,3,3,3,3,3,3,3,3,3,3,3,3,3,3,3,3,3,3,1,1,1,5,4,2,-1,1,0,3651,11
3,3,3,1,3,3,3,2,3,3,3,3,3,3,3,3,3,3,3,3,3,3,1,1,1,7,3,1,7,1,8,4549,11
3,3,3,2,3,3,3,2,3,3,3,3,3,3,3,3,3,3,3,3,3,3,1,1,1,6,3,1,2,1,5,20960,11
3,3,3,2,3,2,3,2,2,3,3,3,3,3,3,3,3,3,3,3,3,3,1,1,2,3,3,2,6,1,5,19244,11
3,3,3,2,2,2,3,2,2,3,3,2,3,3,2,3,3,3,3,3,3,3,1,1,2,3,2,2,5,4,3,81275,44
3,3,3,2,2,2,3,2,1,3,3,2,3,3,2,3,3,3,3,3,3,3,1,1,2,5,2,2,4,4,4,251567,44
3,3,3,2,3,2,3,2,3,3,3,3,3,3,3,3,3,3,3,3,3,3,1,2,1,7,2,2,-1,1,0,46170,31
3,3,3,1,3,3,3,2,9,3,3,2,3,3,3,3,3,3,3,3,3,3,1,1,1,7,3,2,-1,1,3,51505,21
3,2,2,2,3,2,2,3,3,3,3,3,3,3,1,3,3,3,3,3,3,3,1,1,1,4,4,1,1,1,6,6432,21
3,1,2,2,3,3,2,2,3,3,3,3,3,3,3,3,3,3,3,3,3,3,1,2,2,5,4,2,7,1,6,45759,21
3,2,3,1,1,3,3,2,2,3,3,3,3,3,3,2,3,3,3,3,3,3,1,2,2,2,1,2,5,1,5,39024,21
3,1,2,1,2,3,2,2,2,3,3,3,3,3,3,3,3,3,3,3,3,3,1,1,2,5,4,2,5,1,5,60622,21
3,2,3,1,3,3,3,1,3,3,3,3,3,3,3,3,3,3,3,3,3,3,1,1,1,5,4,1,14,1,8,3945,21
3,1,3,1,1,3,1,3,3,3,2,1,3,3,3,3,3,3,3,3,3,3,1,2,1,7,5,2,7,1,3,1681,21
3,3,2,2,2,3,3,3,2,1,3,3,3,3,3,3,3,3,3,3,3,3,1,1,1,2,3,1,7,1,8,5720,21
3,3,3,1,3,3,3,2,3,3,3,2,3,3,3,3,3,3,3,3,3,3,1,1,2,7,2,2,-1,1,0,71125,31
3,3,3,1,3,3,3,2,3,3,3,3,3,3,3,2,3,3,3,3,3,3,1,1,2,4,2,1,4,4,3,123161,14
3,3,3,1,3,3,3,2,3,3,3,2,3,3,3,2,3,3,3,3,3,3,1,1,2,2,3,2,-1,4,0,144976,14
3,3,3,2,3,3,3,3,3,3,3,3,3,3,3,1,3,3,3,3,3,3,1,1,1,3,1,1,4,4,5,92023,14
3,3,3,1,3,3,3,2,3,3,3,3,3,3,3,3,3,3,3,3,3,3,1,1,2,2,2,1,4,4,4,96651,14
3,3,3,2,3,3,3,3,3,3,3,3,3,3,3,1,3,3,3,3,3,3,1,1,2,4,1,2,4,4,3,61580,14
3,3,3,1,3,3,3,3,3,3,3,3,3,3,3,2,3,3,3,3,3,3,1,1,1,6,2,2,-1,4,0,31115,44
3,3,3,1,2,3,3,2,3,3,3,3,3,3,3,3,3,3,3,3,3,3,1,2,1,2,3,1,7,4,4,59318,14
3,3,3,1,1,2,3,3,3,3,3,3,3,3,3,3,3,3,3,3,3,3,1,1,1,7,1,2,-1,4,0,30421,14
3,3,3,1,1,3,3,3,3,3,3,3,3,3,3,3,3,3,3,3,3,3,1,2,1,7,1,2,-1,4,0,45632,14
3,3,3,1,1,2,3,1,2,3,3,1,3,3,3,3,3,3,3,3,3,3,1,1,1,4,1,1,2,4,3,46329,14
3,3,3,1,3,3,3,3,3,3,3,3,3,3,3,3,3,3,3,3,3,3,1,2,1,3,3,1,3,4,8,63074,14
3,3,3,1,1,2,3,3,3,3,3,3,3,3,3,3,3,3,3,3,3,3,1,1,1,7,1,2,-1,4,0,30421,14
3,3,3,3,2,3,3,3,3,3,3,3,3,3,3,3,3,3,3,3,3,3,1,2,2,4,2,2,-1,2,0,24807,12
3,3,3,2,2,2,3,2,2,3,3,3,3,3,3,3,3,3,3,3,3,3,1,2,2,3,2,2,-1,2,0,13165,12
3,3,3,2,2,2,3,2,2,3,3,3,3,3,2,2,3,3,3,3,3,3,1,2,1,4,3,1,4,2,5,18153,12
3,3,3,3,2,2,3,2,3,3,3,3,3,3,3,3,3,3,3,3,3,3,1,2,2,3,2,2,7,2,4,26330,12
3,3,3,2,2,2,3,2,2,3,3,3,3,3,3,2,3,3,3,3,3,3,1,2,2,7,2,2,-1,2,0,38332,12
3,3,3,3,3,3,3,3,3,3,3,3,3,3,3,3,3,3,3,3,3,3,1,2,2,7,2,2,-1,1,0,674909,11
3,3,3,2,2,2,3,2,2,3,3,3,3,3,3,3,3,3,3,3,3,3,1,2,1,7,2,2,-1,1,0,21514,21
3,2,2,2,2,2,2,2,2,3,3,3,3,3,3,3,3,3,3,3,3,3,1,2,1,7,3,2,-1,1,0,21514,21
3,3,3,3,2,3,3,2,3,3,3,2,3,3,3,2,3,3,3,3,3,3,1,1,1,2,3,2,98,3,0,51248,23
3,3,3,3,2,3,3,3,3,3,3,3,3,3,3,3,3,3,3,3,3,3,1,1,2,7,3,2,-1,3,0,41357,23
3,2,3,2,1,2,3,3,3,3,3,3,3,3,3,3,3,3,3,3,3,3,1,2,1,2,3,2,-1,3,0,51248,23
3,3,3,2,2,3,3,2,3,3,3,3,3,3,3,3,3,3,3,3,3,3,1,1,2,3,4,2,97,3,0,57734,23
3,2,3,2,2,3,2,2,3,3,3,3,3,3,3,3,3,3,3,3,3,3,1,1,2,6,4,2,12,3,0,38264,23
3,3,3,2,2,3,3,3,3,3,3,3,3,3,3,3,3,3,3,3,3,3,1,2,2,6,1,2,5,3,3,25598,23
3,1,3,1,1,3,1,1,3,3,3,3,3,3,3,3,3,3,3,3,3,3,1,2,1,2,4,2,8,1,4,11330,21
3,1,2,3,3,3,1,3,3,3,3,3,3,3,3,3,3,3,3,3,3,3,1,1,1,7,1,1,97,1,0,4849,21
3,2,3,1,1,2,3,2,3,3,3,3,3,3,3,3,3,3,3,3,3,3,1,2,1,5,3,1,14,1,5,19533,21
3,2,3,2,3,3,3,2,3,3,3,3,3,3,3,3,3,3,3,3,3,3,1,1,2,3,3,2,5,1,4,19360,21
3,3,3,3,3,3,3,1,3,3,3,3,3,1,3,3,3,3,3,3,3,3,1,1,1,5,1,1,11,4,4,65795,24
3,3,3,3,1,3,3,1,3,3,3,3,3,3,3,3,3,3,3,3,3,3,1,1,1,5,3,1,5,4,3,65795,24
3,3,3,3,2,3,3,2,3,2,3,3,3,3,3,1,3,3,3,3,3,3,1,1,1,4,3,1,12,4,5,60290,24
3,3,3,2,2,2,3,3,3,3,3,3,3,3,3,3,2,3,3,3,3,3,1,2,1,4,2,1,12,4,4,24116,24
3,3,3,2,2,2,2,2,3,3,3,3,3,3,3,1,3,3,3,3,3,3,1,1,2,5,4,2,11,4,5,56820,24
3,3,3,2,1,2,3,3,3,1,3,3,3,3,3,1,3,3,3,3,3,3,1,2,1,2,3,1,12,4,5,119265,24
3,3,3,2,2,2,3,2,3,3,3,3,3,3,3,2,3,3,2,3,3,3,1,2,2,6,1,2,-1,4,4,53615,24
3,3,3,2,3,2,3,2,3,3,3,3,3,3,3,3,3,3,3,3,3,3,1,2,2,2,2,2,97,4,4,116906,24
3,3,3,2,3,2,3,2,3,3,3,3,3,3,3,3,3,3,2,3,3,3,1,2,1,4,1,1,7,4,3,51387,24
2,2,3,2,2,2,3,2,3,3,3,3,3,3,3,3,3,3,3,3,3,3,1,1,1,6,3,1,12,2,0,16346,22
2,3,3,2,3,3,3,3,3,3,3,3,3,3,3,3,3,3,3,3,3,3,1,1,1,6,3,1,12,2,0,24518,22
3,3,3,2,2,2,3,1,1,3,3,2,3,3,3,2,3,3,3,3,3,3,1,1,1,7,2,2,-1,2,0,8035,22
3,3,3,2,2,3,3,3,3,3,3,3,3,3,3,3,3,3,3,3,3,3,1,1,2,7,4,2,-1,1,0,113977,21
3,2,3,2,3,3,3,3,3,3,3,3,3,3,3,3,3,3,3,3,3,3,1,2,2,5,3,2,6,1,4,168216,21
3,3,3,3,2,3,3,3,3,3,3,3,3,3,3,3,3,3,3,3,3,3,1,1,2,7,5,2,-1,1,0,54151,21
3,2,3,2,2,3,3,2,2,3,3,3,3,3,3,3,3,3,3,3,3,3,1,2,2,6,1,2,2,1,0,100308,21
3,2,2,2,2,2,2,3,3,3,3,3,3,3,3,3,3,3,3,3,3,3,1,1,2,6,4,2,6,1,0,67033,21
3,2,2,2,2,8,3,2,3,3,3,3,3,3,3,3,3,3,3,3,3,3,1,1,2,4,3,2,7,1,4,142754,21
2,3,3,2,3,3,3,3,3,3,3,3,3,3,3,3,3,3,3,3,3,3,1,1,1,7,1,2,-1,1,0,8878,21
2,2,3,2,2,3,3,3,3,3,3,3,3,3,3,3,3,3,3,3,3,3,1,2,2,6,3,1,5,1,8,22636,21
3,2,3,2,3,3,3,2,3,3,3,3,3,3,3,3,3,3,3,3,3,3,1,1,1,2,3,2,12,1,0,40283,21
3,2,3,1,2,3,3,1,3,3,3,3,3,3,3,3,3,3,3,3,3,3,1,1,2,5,2,2,5,1,0,23989,21
3,1,1,2,2,1,1,1,3,3,3,2,3,3,3,3,3,3,3,3,3,3,1,1,2,3,1,2,-1,1,4,51053,21
3,2,3,2,3,3,3,3,3,3,2,3,3,3,3,3,3,3,3,3,3,3,1,1,2,6,4,2,-1,1,0,15639,21
3,3,3,2,2,3,3,3,3,3,3,2,3,3,3,3,3,3,3,3,3,3,1,2,2,3,4,2,11,1,6,35273,21
2,2,2,2,2,2,3,2,3,3,3,2,3,3,2,2,2,3,3,2,3,2,1,1,2,3,4,1,2,1,0,52910,21
3,3,3,2,2,3,3,2,3,3,3,2,3,3,3,3,3,3,3,3,3,3,1,2,2,2,3,2,7,1,0,32007,21
3,3,3,2,2,3,3,3,3,3,3,3,3,3,3,3,3,3,3,3,3,3,1,1,2,7,1,2,-1,2,0,6387,22
3,3,3,2,2,2,2,2,3,3,3,3,3,3,3,1,3,3,3,3,3,3,1,2,2,3,2,2,2,2,4,8917,22
3,3,3,1,1,3,2,2,2,3,3,3,3,3,3,2,3,3,3,3,3,3,1,2,1,5,4,1,1,2,8,9097,22
3,3,3,2,3,2,3,2,3,3,3,3,3,3,2,3,3,3,3,3,3,3,1,1,2,4,2,2,4,2,0,39153,12
3,3,3,1,1,1,3,3,3,3,3,3,3,3,3,3,3,3,3,3,3,3,1,1,2,7,1,2,-1,2,0,57281,12
3,3,3,3,3,2,3,2,3,3,3,3,3,3,3,3,3,3,3,3,3,3,1,1,1,7,1,2,-1,2,0,6271,12
3,3,3,2,1,1,3,1,3,3,3,3,3,3,3,2,3,3,3,3,3,3,1,2,1,3,3,1,5,2,4,39006,12
3,3,3,3,2,2,3,2,3,3,3,1,3,3,3,3,3,3,3,3,3,3,1,1,2,5,3,2,3,2,0,19318,12
3,3,3,2,3,3,3,3,3,3,3,3,3,3,3,3,3,3,3,3,3,3,1,1,1,5,3,1,11,2,4,5033,12
3,3,3,3,3,2,3,2,3,3,3,3,3,3,3,3,3,3,3,3,3,3,1,2,2,3,2,1,5,2,5,27704,12
3,3,3,3,3,3,3,2,3,3,3,1,3,3,3,3,3,3,3,3,3,3,1,1,2,3,2,1,4,2,8,27704,12
3,3,3,3,1,1,3,1,3,3,3,3,3,3,3,2,3,3,3,3,3,3,1,1,1,6,2,1,4,2,3,20116,12
3,3,3,2,2,2,3,3,3,3,3,3,3,3,3,3,3,3,3,3,3,3,1,1,1,7,1,2,-1,3,0,19521,13
3,3,3,3,2,2,3,3,3,3,3,3,3,3,3,3,3,3,3,3,3,3,1,1,1,7,1,1,4,3,0,48803,13
3,3,3,3,2,2,3,3,3,3,3,3,3,3,3,3,3,3,3,3,3,3,1,1,1,7,1,2,-1,3,0,19521,13
3,3,3,3,2,3,3,3,3,3,3,3,3,3,3,3,3,3,3,3,3,3,1,1,1,7,1,2,-1,3,8,39042,13
3,3,3,3,2,2,3,3,3,3,3,3,3,3,3,3,3,3,3,3,3,3,1,1,1,7,1,2,-1,3,0,19521,13
3,3,3,3,2,2,3,3,3,3,3,3,3,3,3,3,3,3,3,3,3,3,1,1,1,7,1,1,99,3,0,58564,13
3,3,3,3,2,2,3,3,3,3,3,3,3,3,3,3,3,3,3,3,3,3,1,1,2,5,1,1,10,3,0,10023,13
3,3,3,3,2,2,3,3,3,3,3,3,3,3,3,2,3,3,3,3,3,3,1,1,1,4,1,1,9,3,3,29730,13
3,3,3,3,2,2,3,3,3,3,3,3,3,3,3,3,3,3,3,3,3,3,1,1,2,5,3,2,11,3,7,50115,13
3,3,3,2,2,3,3,3,3,3,3,3,3,3,3,3,3,3,3,3,3,3,1,1,1,4,3,1,14,3,4,29730,13
3,3,3,2,2,3,3,3,3,3,3,3,3,3,3,3,3,3,3,3,3,3,1,1,2,6,1,2,9,3,6,28857,13
3,3,3,2,2,3,3,3,3,3,3,3,3,3,3,3,3,3,3,3,3,3,1,1,1,7,1,1,4,3,0,39042,13
3,3,3,2,2,3,3,3,3,3,3,3,3,3,3,3,3,3,3,3,3,3,1,1,2,6,1,1,8,3,3,21643,13
3,3,3,2,2,3,3,3,3,3,3,3,3,3,3,3,3,3,3,3,3,3,1,1,2,6,2,2,11,3,2,14428,13
3,3,3,2,2,3,3,3,3,3,3,3,3,3,3,3,3,3,3,3,3,3,1,1,2,3,3,2,4,3,5,129364,13
3,3,3,1,1,2,3,2,2,3,3,3,3,3,2,3,3,3,3,3,3,3,1,1,1,5,3,1,12,2,7,7948,12
3,3,3,2,1,3,3,3,3,3,3,3,3,3,3,3,3,3,3,3,3,3,1,2,2,7,2,2,7,2,0,31847,12
3,2,3,1,3,2,1,2,3,1,3,3,3,3,3,3,3,3,3,3,3,3,1,1,1,3,4,1,2,1,8,122167,31
3,2,3,2,3,3,3,2,3,1,3,2,3,3,3,3,3,3,3,3,3,3,1,1,1,6,2,1,7,1,7,105186,31
3,3,3,3,1,3,3,2,3,3,3,2,3,3,3,3,3,3,3,3,3,3,1,2,1,7,1,2,-1,4,4,72877,44
3,3,3,3,2,3,3,3,3,3,3,3,3,3,3,3,3,3,3,3,3,3,1,2,1,5,3,1,8,4,5,131431,44
3,3,3,3,3,3,3,1,3,3,3,3,3,3,3,3,3,3,3,3,3,3,1,1,2,7,1,2,-1,4,0,109239,44
3,3,3,3,3,3,3,2,3,3,3,2,3,3,3,3,3,3,3,3,3,3,1,2,1,7,3,2,-1,4,0,72877,44
3,3,3,1,3,3,3,3,3,3,3,3,3,3,3,3,3,3,3,3,3,3,1,2,2,2,3,2,9,3,3,31188,13
3,3,3,3,2,3,3,1,3,3,3,3,3,3,3,3,3,3,3,3,3,3,1,1,1,5,3,1,-1,3,7,11495,13
3,3,3,1,1,2,3,2,3,3,3,3,3,3,3,3,3,3,3,3,3,3,1,1,2,4,3,2,8,3,4,19871,13
3,3,3,1,3,3,3,1,3,3,3,3,3,3,3,3,3,3,3,3,3,3,1,1,2,2,3,2,4,3,2,46782,13
3,3,3,3,1,3,3,2,3,3,3,3,3,3,3,3,3,3,3,3,3,3,1,1,2,4,3,2,7,3,4,39743,13
3,3,3,1,1,3,3,2,2,3,3,3,3,3,3,2,3,3,3,3,3,3,1,2,1,4,3,1,5,1,4,15775,11
3,3,3,3,2,3,3,3,3,3,3,3,3,3,3,3,3,3,3,3,3,3,1,2,2,6,2,2,-1,1,0,7656,11
3,3,3,1,1,3,3,3,3,3,3,3,3,3,3,3,3,3,3,3,3,3,1,2,2,3,3,1,6,1,3,12422,11
3,3,2,2,2,3,3,2,3,3,3,3,3,3,2,3,3,3,3,3,3,3,1,1,2,2,3,2,1,3,0,64996,13
3,3,3,1,3,2,3,2,3,3,3,3,3,3,3,3,3,3,3,3,3,3,1,2,2,4,3,2,6,3,4,62118,13
3,3,3,1,2,3,3,2,3,3,3,3,3,3,3,3,3,3,3,3,3,3,1,2,2,5,3,2,2,3,3,30308,13
3,3,3,1,3,2,3,2,3,3,3,3,3,3,3,3,3,3,3,3,3,3,1,1,2,4,3,2,5,3,7,62995,13
3,3,3,1,3,2,3,2,3,3,3,3,3,3,3,3,3,3,3,3,3,3,1,2,2,3,4,1,4,3,5,66862,13
3,3,3,1,3,2,3,2,3,3,3,3,3,3,3,3,3,3,3,3,3,3,1,2,2,4,3,2,11,3,4,41996,13
3,3,3,2,2,3,3,2,3,3,3,3,3,3,3,3,3,3,3,3,3,3,1,2,1,5,3,1,5,3,5,23689,13
3,3,3,2,3,3,3,2,3,3,2,3,3,3,3,3,3,3,3,3,3,3,1,1,2,4,3,2,14,3,6,41996,13
3,3,3,2,1,2,3,2,3,3,3,3,3,3,3,3,3,3,3,3,3,3,1,2,2,3,4,2,1,1,4,11440,41
3,3,3,2,1,3,3,3,3,3,3,3,3,3,3,3,3,3,3,3,3,3,1,1,1,2,3,2,7,1,8,54991,41
3,3,3,2,2,2,3,2,3,3,3,3,3,3,3,3,3,3,3,3,3,3,1,1,1,7,3,2,12,1,8,18721,41
3,3,3,3,3,2,3,1,3,3,3,3,3,3,3,3,3,3,3,3,3,3,1,1,1,4,4,1,7,1,4,17530,41
3,3,3,2,2,2,3,2,3,3,3,3,3,3,3,3,3,3,3,3,3,3,1,1,2,5,3,1,7,1,8,31158,41
3,3,3,2,2,2,3,2,3,3,3,3,3,3,3,3,3,3,3,3,3,3,1,1,2,6,3,1,12,1,8,17396,41
3,3,3,1,3,3,3,2,3,3,3,3,3,3,3,3,3,3,3,3,3,3,1,1,2,7,1,2,5,4,4,156789,14
3,3,3,1,3,2,3,2,3,3,3,3,3,3,3,3,3,3,3,3,3,3,1,2,1,4,3,1,14,1,7,104531,31
3,3,3,2,3,3,3,3,3,3,3,3,3,3,3,3,3,3,3,3,3,3,1,1,1,5,2,1,4,1,4,36225,31
3,3,3,2,3,3,3,3,3,3,3,3,3,3,3,3,3,3,3,3,3,3,1,1,1,4,3,1,4,1,4,34844,31
3,3,3,2,3,3,3,3,3,3,3,3,3,3,3,3,3,3,3,3,3,3,1,1,1,2,3,1,8,1,6,91822,31
3,3,3,1,3,2,3,2,3,3,3,3,3,3,3,3,3,3,3,3,3,3,1,1,2,3,3,2,6,1,5,50297,31
3,3,3,1,3,3,3,3,3,3,3,3,3,3,3,3,3,3,3,3,3,3,1,1,1,3,5,1,3,1,4,36813,31
3,3,3,1,3,3,3,3,3,3,2,3,3,3,3,3,3,3,3,3,3,3,1,2,2,4,2,1,6,1,5,46464,31
3,3,3,2,3,3,3,3,3,3,3,3,3,3,3,3,3,3,3,3,3,3,1,1,2,5,1,2,-1,4,0,135001,34
3,3,3,2,3,3,3,3,3,3,3,2,3,3,3,3,3,3,3,3,3,3,1,1,1,3,5,1,1,4,0,81351,34
3,3,3,2,3,3,3,3,3,3,3,3,3,3,3,3,3,3,3,3,3,3,1,1,1,7,4,2,-1,4,0,74785,34
3,3,3,2,3,3,3,3,3,3,3,3,3,3,3,3,3,3,3,3,3,3,1,2,2,4,4,1,4,4,0,51339,34
3,3,3,3,3,3,3,3,3,3,3,3,3,3,1,3,3,3,3,3,3,3,1,2,2,5,2,1,7,4,0,202502,34
3,3,3,1,3,3,3,3,3,3,3,3,3,3,3,3,3,3,3,3,3,3,1,2,1,7,1,2,-1,3,0,53142,33
3,3,3,1,3,3,3,2,3,3,3,3,3,3,3,3,3,3,3,3,3,3,1,1,2,3,3,2,5,3,6,35917,33
3,3,3,1,3,2,3,2,3,3,3,3,3,3,3,3,3,3,3,3,3,3,1,2,2,2,3,1,6,1,6,70304,31
3,3,3,2,3,3,3,3,3,3,3,3,3,3,3,3,3,3,3,3,3,3,1,1,1,7,5,1,7,1,8,25544,31
3,3,3,3,3,3,3,3,3,3,3,3,3,3,3,1,3,3,3,3,3,3,1,2,1,3,3,1,1,1,3,27787,31
3,3,3,3,3,3,3,3,3,3,3,3,3,3,1,3,3,3,3,3,3,3,1,2,1,3,4,1,5,1,4,27098,31
3,3,3,1,3,1,3,3,3,3,3,3,3,3,3,3,3,3,3,3,3,3,1,1,2,2,4,2,14,1,4,68560,31
3,3,3,1,3,3,3,3,3,3,3,3,3,3,3,3,3,3,3,3,3,3,1,2,2,2,3,2,14,1,8,137120,31
3,3,3,2,3,3,3,3,3,3,3,3,3,3,3,3,3,3,3,3,3,3,1,1,1,7,3,2,-1,1,0,35024,31
3,3,3,3,3,3,3,3,3,3,3,2,3,3,3,3,3,3,3,3,3,3,1,1,2,6,1,2,-1,1,0,29325,31
3,3,3,1,3,3,3,3,3,3,3,1,3,3,3,3,3,3,3,3,3,3,1,2,2,4,1,2,12,4,4,60644,34
3,3,3,3,3,3,3,3,3,3,3,3,3,3,1,3,3,3,3,3,3,3,1,1,1,6,1,1,4,4,3,82738,34
3,3,3,3,3,3,3,3,3,3,3,3,3,3,3,1,3,3,3,3,3,3,1,1,1,7,1,1,7,4,0,58893,34
3,3,3,1,3,3,3,3,3,3,3,3,3,3,3,3,3,3,3,3,3,3,1,1,2,7,1,2,7,4,8,232933,34
3,3,3,2,3,2,3,3,3,3,3,3,3,3,3,3,3,3,3,3,3,3,1,1,2,7,1,2,-1,4,8,232933,34
3,3,3,3,3,3,3,3,3,3,3,2,3,3,3,3,3,3,3,3,3,3,1,1,1,5,2,1,11,4,4,19112,34
3,3,3,2,3,3,3,3,3,3,3,2,3,3,3,3,3,3,3,3,3,3,1,1,1,4,1,1,9,4,3,73534,34
3,3,3,3,3,3,3,3,3,3,3,3,3,3,3,3,3,3,3,3,3,3,1,2,2,4,2,1,9,4,4,60644,34
3,3,3,1,2,3,3,2,3,3,3,3,3,3,3,1,3,3,3,3,3,3,1,2,2,3,2,2,7,2,0,82211,32
3,3,3,1,1,3,3,2,2,3,3,3,3,3,3,3,3,3,3,3,3,3,1,1,2,6,1,2,7,4,4,67452,14
3,3,3,3,2,2,3,2,3,3,3,3,3,3,3,3,3,3,3,3,3,3,1,2,2,6,2,1,-1,4,7,22484,14
3,3,3,2,3,3,3,3,3,3,3,3,3,3,3,3,3,3,3,3,3,3,1,2,2,5,3,2,-1,4,0,31238,14
3,3,3,2,3,3,3,2,3,3,3,3,3,3,3,3,3,3,3,3,3,3,1,1,1,5,5,2,-1,4,0,12208,14
3,3,3,1,3,3,3,3,3,3,3,3,3,3,3,3,3,3,3,3,3,3,1,1,2,3,2,2,4,4,3,67197,14
3,3,3,3,3,3,3,1,3,3,3,3,3,3,3,3,3,3,3,3,3,3,1,1,2,6,2,2,6,4,7,22484,14
3,3,3,3,3,3,3,2,3,3,3,3,3,3,3,2,3,3,3,3,3,3,1,1,2,5,1,2,4,4,4,46857,14
3,3,3,2,3,3,3,3,3,3,3,3,3,3,3,2,3,3,1,3,3,3,1,1,1,3,4,1,12,4,3,63072,14
3,3,3,3,1,2,3,2,3,3,3,2,3,3,3,3,3,3,3,3,3,3,1,1,1,3,3,1,7,3,6,22075,43
3,3,3,2,3,3,3,1,1,3,3,3,3,3,3,3,3,3,3,3,3,3,1,2,2,3,2,2,7,3,3,141153,43
3,3,3,2,3,2,3,2,3,3,3,3,3,3,3,2,3,3,3,3,3,3,1,1,2,3,3,2,5,3,4,56461,43
3,3,3,3,3,2,3,3,1,3,3,3,3,3,3,3,3,3,3,3,3,3,1,1,2,2,3,2,11,3,2,165426,43
3,3,3,1,3,1,3,1,3,3,3,3,3,3,3,1,3,3,3,3,3,3,1,1,2,5,1,2,7,3,3,260150,43
3,3,3,3,3,2,3,2,3,3,3,3,3,3,3,3,3,3,3,3,3,3,1,1,1,7,1,2,-1,3,5,156303,43
1,3,3,2,2,2,3,2,2,3,3,3,3,3,3,2,3,3,3,3,3,3,1,1,2,7,1,2,4,3,8,390482,43
3,3,3,3,2,3,3,3,2,3,3,3,3,3,3,3,3,3,3,3,3,3,1,1,1,6,1,1,12,3,0,45447,43
3,3,3,3,2,3,3,3,3,3,3,3,3,3,2,3,3,3,3,3,3,3,1,1,2,5,1,1,10,3,2,43358,43
3,3,3,3,3,2,3,2,3,3,3,3,3,3,3,3,3,3,3,3,3,3,1,1,1,3,3,1,11,3,2,87903,43
3,3,3,3,3,3,3,3,3,3,3,3,3,3,3,3,3,3,3,3,3,3,1,1,1,6,1,2,7,3,8,21446,33
3,3,3,1,1,1,3,2,3,3,3,2,3,3,3,3,3,3,3,3,3,3,1,1,2,4,3,2,12,3,5,15719,33
9,3,3,2,2,2,9,3,2,3,3,2,3,3,3,3,3,3,3,3,3,3,1,1,2,5,3,1,12,3,6,42362,33
3,3,3,3,3,2,3,3,3,3,3,3,3,3,3,3,3,3,3,3,3,3,1,1,2,6,1,2,-1,3,0,13128,33
8,9,9,1,1,1,9,1,9,9,9,9,9,9,1,2,9,9,9,9,9,9,1,1,1,2,3,2,7,2,0,48911,12
3,3,3,1,3,2,3,2,3,3,3,3,3,3,3,2,3,3,3,3,3,3,1,2,1,5,3,1,5,3,0,16196,13
3,3,3,3,1,3,3,3,3,3,3,3,3,3,3,3,3,3,3,3,3,3,1,1,1,4,2,1,4,3,0,19216,23
3,3,3,2,2,2,3,2,2,3,3,3,3,3,3,3,3,3,3,3,3,3,1,1,1,3,4,1,2,3,5,20919,13
3,3,3,1,1,3,3,2,3,3,3,2,3,3,3,3,3,3,3,3,3,3,1,1,2,7,2,2,8,3,4,61876,33
3,3,3,2,2,2,3,2,2,3,3,2,3,3,3,3,3,3,3,3,3,3,1,2,2,3,2,2,4,4,3,81275,44
3,2,2,1,2,3,3,3,3,3,3,3,3,3,3,3,3,3,3,3,3,3,1,1,1,3,4,1,7,1,4,15993,21
3,1,3,3,3,3,1,1,3,3,3,3,3,3,3,1,3,3,3,3,3,3,1,1,1,3,5,1,7,3,8,71665,23
3,3,3,2,1,3,3,2,3,3,3,3,3,3,3,3,3,3,3,3,3,3,1,2,1,4,3,1,11,1,6,140822,41
3,3,3,3,1,3,3,2,3,3,3,3,3,3,3,3,3,3,3,3,3,3,1,1,2,3,4,2,12,1,3,110037,41
3,2,2,2,1,8,3,2,3,3,3,3,3,3,3,3,3,3,3,3,3,3,1,1,1,4,2,1,6,1,4,132905,21
2,3,3,1,1,3,3,2,3,3,3,3,3,3,3,3,3,3,3,3,3,3,1,1,1,2,3,2,7,1,0,40850,21
3,3,3,2,3,2,3,2,3,3,3,3,3,3,3,2,3,3,3,3,3,3,1,1,2,5,2,1,12,2,8,18360,12
3,3,3,3,3,3,3,1,2,3,3,3,3,3,3,3,3,3,3,3,3,3,1,1,1,3,1,2,-1,3,0,42940,23
3,3,3,3,1,2,3,3,2,3,3,3,3,3,3,3,3,3,3,3,3,3,1,1,1,4,3,1,5,3,4,34542,23
3,3,3,1,3,3,3,3,3,3,3,3,3,3,3,1,3,3,3,3,3,3,1,1,1,4,3,1,5,3,6,31357,23
3,3,3,1,3,3,3,2,3,3,3,2,3,3,2,1,3,3,3,3,3,3,1,2,1,2,4,1,12,3,7,60969,33
3,3,3,1,1,1,3,1,1,3,3,2,3,3,3,3,3,3,3,3,3,3,1,1,1,4,3,1,5,4,4,69492,14
3,3,3,2,3,3,3,3,3,3,3,2,3,3,3,3,3,3,3,3,3,3,1,1,2,7,1,2,-1,4,0,47578,14
3,3,3,1,1,2,3,2,2,3,3,3,3,3,3,3,3,3,3,3,3,3,1,1,2,5,3,2,7,4,5,46857,14
2,2,3,2,2,2,3,2,3,3,3,1,3,3,2,2,3,3,3,3,3,3,2,2,1,6,5,1,99,1,0,24955,21
3,3,3,2,2,3,3,2,3,3,3,1,3,3,3,3,3,3,3,3,3,3,2,1,1,4,4,1,8,1,8,10191,31
3,3,3,3,3,3,3,3,3,3,3,1,3,3,3,3,3,3,3,3,2,3,2,2,1,2,3,1,5,1,8,43119,31
3,3,3,3,3,3,3,3,3,3,3,2,3,3,3,3,3,3,3,3,3,3,2,1,1,7,4,2,-1,1,0,34945,31
3,3,3,3,3,3,3,3,3,3,3,2,3,3,3,3,3,3,3,3,3,3,2,1,2,4,2,2,4,2,5,49614,12
3,3,3,2,2,2,3,3,3,3,3,1,3,3,3,3,3,3,3,3,3,3,2,2,1,3,5,1,-1,1,8,225535,41
3,3,3,2,3,2,3,2,3,3,3,1,3,3,3,3,3,3,3,3,3,3,2,2,1,4,4,1,12,1,6,70191,31
3,2,3,3,1,3,3,1,3,3,3,1,3,3,3,3,3,3,3,3,3,3,2,2,2,5,3,1,5,1,8,47717,21
3,3,1,1,1,1,1,1,3,3,1,1,3,3,3,3,3,3,3,3,3,3,2,2,1,7,5,1,1,1,8,104401,21
3,3,3,2,3,3,3,2,3,3,3,1,3,3,3,3,3,3,3,3,3,3,2,2,2,4,3,1,7,1,8,17042,11
3,1,2,1,3,3,3,2,3,3,2,2,3,3,3,3,3,3,3,3,3,3,2,2,2,5,4,2,8,1,0,417518,21
3,2,3,1,1,3,2,2,2,3,3,2,3,3,3,2,3,3,3,3,3,3,2,2,1,3,4,1,5,1,8,95817,21
3,3,3,2,3,2,3,2,3,3,3,1,3,3,3,3,3,3,3,3,3,3,2,2,2,3,4,1,10,1,4,20804,31
3,3,3,1,3,2,3,2,3,3,3,2,3,3,3,3,3,3,3,3,3,3,2,2,2,3,3,2,2,1,6,50660,31
3,3,3,1,1,2,3,1,8,8,8,3,3,3,3,3,3,3,3,3,3,3,2,1,2,3,4,2,12,2,8,54687,12
3,2,2,1,3,3,3,3,3,3,3,2,3,3,3,3,3,3,3,3,3,3,2,2,1,4,3,1,7,1,4,88604,21
3,3,3,3,1,2,3,3,3,3,3,3,1,3,3,3,3,3,3,3,3,3,2,2,2,7,1,2,-1,3,4,46058,13
3,3,3,3,2,3,3,3,3,3,3,1,3,3,3,3,3,3,3,3,3,3,2,2,1,6,4,1,3,1,8,75792,31
3,3,3,2,3,3,3,2,3,3,3,1,3,3,2,3,3,3,3,3,3,3,2,2,1,4,3,1,14,3,6,29300,33
3,3,3,2,2,2,3,3,3,3,3,1,3,3,2,3,3,3,3,3,3,3,2,2,1,4,4,1,2,1,8,67360,31
3,3,3,1,3,1,3,1,3,3,3,1,3,3,3,1,3,3,3,3,3,1,2,2,2,3,1,2,7,2,8,119099,32
3,1,1,1,3,3,3,1,3,1,3,1,3,3,3,3,3,3,3,3,3,3,2,2,1,5,5,1,97,1,8,245001,21
3,3,3,3,3,3,3,2,3,3,3,1,3,3,3,3,3,3,3,3,3,3,2,1,1,6,4,2,-1,1,7,56844,31
3,3,3,2,3,3,3,2,3,3,3,1,3,3,3,3,3,3,3,3,3,3,2,1,2,4,4,2,8,2,8,92378,32
3,3,3,3,3,3,3,3,3,3,3,1,3,3,3,3,3,3,3,3,3,3,2,1,1,4,3,1,7,2,5,18153,12
3,3,3,1,1,3,3,2,2,3,3,1,3,3,3,3,3,3,3,3,3,3,2,2,1,4,4,1,2,2,8,13372,22
3,3,3,2,2,2,2,2,3,3,3,1,3,3,3,3,3,3,3,3,3,3,2,2,1,4,5,1,1,1,8,13502,21
3,3,3,2,2,3,3,2,3,3,3,2,1,3,3,3,3,3,3,3,9,9,2,2,1,3,3,1,14,3,4,8509,33
3,3,3,3,3,3,3,3,3,3,3,1,3,3,3,3,3,3,3,3,3,3,2,2,2,4,3,1,7,2,5,24807,12
3,3,3,3,1,2,3,2,3,3,3,1,3,3,3,1,3,3,3,3,3,3,2,2,2,3,3,2,4,4,3,71797,14
3,3,3,2,3,2,3,2,3,3,3,1,3,3,3,3,3,3,3,3,3,3,2,2,1,3,3,1,8,1,4,112768,41
3,3,3,1,3,1,3,2,3,3,3,1,3,3,2,2,3,3,3,3,3,3,2,2,2,3,3,1,11,3,5,59862,33
3,3,3,2,3,3,3,3,3,3,3,1,3,3,3,3,3,3,3,3,3,3,2,2,1,3,3,1,7,4,5,67390,14
3,1,3,3,3,3,3,1,3,3,3,3,3,3,3,3,3,3,3,3,3,3,2,2,1,5,4,1,1,1,8,183750,21
3,3,3,3,3,3,3,2,3,3,2,1,3,3,3,3,3,3,3,3,3,3,2,1,1,6,4,1,2,4,8,262662,34
3,3,3,2,3,3,3,2,3,3,3,1,3,3,3,3,3,3,3,3,3,3,2,2,1,5,5,1,1,1,8,24869,31
3,3,3,2,3,2,3,2,2,3,2,2,3,3,3,3,3,3,3,3,3,2,2,2,1,3,4,1,11,1,5,27098,31
3,3,3,3,3,2,3,2,3,3,3,1,3,3,3,3,3,3,3,3,3,3,2,2,2,3,4,1,5,1,7,23020,31
3,3,3,2,3,3,3,3,3,3,3,1,3,3,3,3,3,3,3,3,3,3,2,2,1,4,3,1,6,1,5,31103,31
3,3,3,2,3,2,3,2,3,3,3,1,3,3,3,3,3,3,3,3,3,3,2,2,2,4,3,2,12,1,0,57887,31
3,1,1,1,3,3,3,1,3,3,1,1,3,3,3,3,3,3,3,3,3,3,2,2,1,6,5,1,1,1,8,212380,21
3,3,3,3,3,3,3,3,3,3,3,1,3,3,3,3,3,3,3,3,3,3,2,2,2,5,3,2,5,1,5,323260,11
2,2,3,2,3,3,3,2,3,3,3,1,3,3,3,3,3,3,3,3,3,3,2,2,1,4,5,1,3,1,5,319614,11
3,3,3,2,3,3,3,2,3,3,3,1,3,3,3,3,3,3,3,3,3,3,2,2,2,4,3,2,7,2,6,123171,32
3,3,3,2,3,3,3,3,3,3,3,1,3,3,3,3,3,3,3,3,3,3,2,2,1,2,5,1,1,1,0,979479,11
3,3,3,2,3,3,3,3,3,3,3,1,3,3,3,3,3,3,3,3,3,3,2,2,1,2,5,1,2,2,8,362379,32
3,3,3,3,3,2,3,3,3,3,2,3,3,3,3,3,3,3,3,3,3,3,2,2,2,4,4,2,1,1,0,16754,31
3,3,3,1,1,2,3,2,3,3,3,2,3,3,3,1,3,3,3,3,3,3,2,2,1,2,4,1,12,3,6,55853,13
3,3,3,2,2,2,3,2,3,3,3,1,3,3,2,2,3,3,3,3,3,3,2,2,1,3,4,1,14,2,5,33246,22
3,3,3,1,3,3,3,2,3,3,3,2,3,3,3,1,3,3,3,3,3,3,2,2,1,6,3,1,4,1,6,11303,11
2,3,3,2,3,3,3,2,3,3,3,1,3,3,3,3,3,3,3,3,3,3,2,2,2,6,2,2,-1,1,6,232673,11
3,3,3,3,3,3,3,3,3,3,3,1,3,3,3,3,3,3,3,3,3,3,2,2,1,3,5,1,1,1,6,92857,21
3,3,3,3,1,3,3,1,3,3,3,1,3,3,3,3,3,3,1,3,3,3,2,2,1,4,3,1,7,3,5,21812,13
3,3,3,3,3,3,3,2,3,3,3,1,3,3,3,3,3,3,3,3,3,3,2,2,1,3,3,2,6,2,5,12357,12
3,1,3,3,3,3,3,1,3,3,3,1,3,3,3,3,3,3,3,3,3,3,2,2,2,2,3,-1,1,1,8,408595,21
3,3,3,1,1,2,3,2,3,3,3,1,3,3,3,3,3,3,3,3,3,3,2,1,1,5,2,1,4,2,8,11922,12
3,3,3,3,2,2,3,2,3,3,2,1,3,3,3,3,3,3,3,3,3,3,2,2,1,3,5,1,1,2,0,21307,12
3,2,3,2,3,2,3,2,3,3,3,1,3,3,3,3,3,3,3,3,3,3,2,2,2,5,3,2,5,1,6,302651,11
3,2,3,1,1,2,3,2,3,3,3,1,3,3,3,3,3,3,3,3,3,3,2,2,1,2,4,2,2,1,0,22914,21
3,3,3,3,3,3,3,1,3,1,3,1,3,3,3,1,3,1,1,3,3,3,2,1,1,4,2,1,12,4,7,36174,24
3,3,3,3,3,3,3,1,3,3,3,1,3,3,3,3,3,3,3,3,3,3,2,2,2,3,4,1,8,4,3,35899,14
3,3,3,2,3,3,3,2,3,3,3,2,3,3,3,3,3,3,3,3,3,3,2,2,1,3,3,1,14,1,6,27095,11
3,2,3,1,1,3,3,2,1,3,3,1,3,2,2,2,3,3,3,3,3,2,2,2,2,4,3,2,5,2,8,174520,22
2,3,3,1,3,2,3,1,3,2,3,2,3,3,3,1,3,3,3,3,3,3,2,2,2,4,2,1,8,1,7,76629,31
3,3,3,1,1,3,3,2,2,3,3,1,3,3,3,3,3,3,3,3,3,3,2,2,2,4,3,2,2,3,8,98974,23
3,3,3,2,2,3,3,3,3,3,3,1,3,3,3,3,3,3,3,3,3,3,2,2,1,3,3,2,7,1,8,284938,11
3,3,3,2,3,3,2,3,3,3,3,1,3,3,3,3,3,3,3,3,3,3,2,2,1,3,4,1,1,2,7,6632,22
3,3,3,1,3,2,3,3,3,3,3,1,3,3,3,2,3,3,3,3,3,3,2,1,1,4,1,1,1,2,3,27229,12
3,3,3,2,3,3,3,3,3,3,3,1,3,3,3,2,3,3,3,3,3,3,2,2,1,2,4,1,12,1,7,27857,11
2,3,3,3,3,2,3,2,3,3,2,1,3,3,2,2,3,3,3,3,3,2,2,2,2,4,4,2,8,1,3,11541,21
3,3,3,3,3,3,3,3,3,3,2,1,3,3,3,3,3,3,3,3,3,2,2,2,2,5,5,2,3,1,8,11015,21
3,3,3,3,3,3,3,2,3,3,2,1,3,3,2,2,3,3,3,3,3,3,2,2,2,3,5,2,6,1,8,12223,21
3,3,3,3,3,3,3,3,3,3,1,1,3,3,3,3,3,3,3,3,1,3,2,2,1,7,5,2,-1,1,0,1812,21
3,3,3,3,1,3,3,3,3,3,3,1,3,3,3,3,3,3,3,3,3,3,2,2,2,4,4,1,8,1,5,144676,41
8,8,3,3,3,3,3,3,3,3,3,1,3,3,3,3,3,3,3,3,3,3,2,2,1,3,4,1,6,1,5,50502,11
3,3,3,2,3,3,3,3,3,3,3,1,3,3,3,2,3,3,3,3,3,3,2,2,1,3,2,1,7,1,6,19747,11
3,3,3,2,1,2,3,2,3,3,3,1,3,3,3,3,3,3,3,3,3,3,2,2,2,3,3,1,6,3,8,69881,23
3,3,3,2,3,2,3,2,3,3,3,3,3,3,3,3,3,3,3,3,3,3,2,2,2,3,3,2,7,1,0,62411,31
3,3,3,1,3,3,3,3,3,3,3,1,3,3,3,1,3,3,3,3,3,3,2,2,2,2,2,2,4,4,3,144976,14
3,3,3,3,3,3,3,3,3,3,3,1,3,3,3,3,3,3,3,3,3,3,2,2,1,6,5,2,-1,1,6,65914,41
3,3,3,3,3,3,3,1,3,3,2,1,3,3,3,3,3,3,3,3,3,3,2,2,2,4,3,1,2,1,6,31695,31
3,3,3,2,3,3,3,3,3,3,3,1,3,3,3,3,3,3,3,3,3,3,2,2,1,6,3,1,12,1,2,22914,11
3,3,3,2,3,3,3,2,3,3,3,2,3,3,3,3,3,3,3,3,3,3,2,2,1,4,4,1,14,1,5,13555,11
3,3,3,3,3,3,3,3,3,3,3,1,3,3,3,3,3,3,3,3,3,3,2,2,1,3,5,1,1,1,6,9503,31
3,3,3,2,3,3,3,3,3,3,3,2,3,3,3,3,3,3,3,3,3,3,2,2,1,7,3,1,6,1,5,200930,11
3,3,3,2,2,3,3,3,3,3,3,1,3,3,3,3,3,3,3,3,3,3,2,2,2,5,4,2,5,1,4,27500,41
3,3,3,2,2,2,3,1,3,3,3,1,3,3,3,3,3,3,3,3,3,3,2,2,1,4,3,1,-1,3,6,29082,13
3,1,3,3,3,3,3,1,3,3,3,1,3,3,3,3,3,3,3,3,3,3,2,2,1,4,4,1,2,1,8,89801,21
3,2,3,2,3,2,3,2,3,3,3,3,3,3,3,3,3,3,3,3,3,3,2,2,1,3,3,1,2,1,7,20741,21
3,1,3,1,3,3,3,1,3,3,3,1,3,3,3,2,3,3,3,3,3,3,2,2,2,3,3,2,14,1,4,14461,31
3,2,2,2,2,2,2,2,3,3,2,1,3,3,3,3,3,3,3,3,3,2,2,2,1,5,4,1,7,1,8,27778,21
3,2,3,2,2,1,3,1,3,3,1,1,3,3,3,1,3,3,3,3,2,3,2,2,1,7,5,1,1,1,0,52200,21
3,3,3,3,3,2,3,3,3,3,3,1,3,3,2,3,3,3,2,3,3,9,2,2,1,3,4,1,3,4,8,67390,14
3,2,3,2,3,3,3,3,3,3,3,1,3,3,3,3,3,3,3,3,3,3,2,2,2,5,2,1,6,1,8,9140,11
3,3,3,2,3,3,3,3,3,3,3,1,3,3,3,3,2,3,3,3,3,3,2,2,1,2,3,1,12,1,5,17355,11
3,3,3,3,2,2,3,1,1,3,3,3,3,3,1,3,3,3,3,3,2,2,2,2,1,3,4,1,7,1,3,35005,31
3,3,3,2,2,2,3,2,3,3,2,1,3,3,3,3,3,3,3,3,3,3,2,2,1,4,3,1,11,1,6,33680,31
3,3,3,3,3,3,3,3,3,3,3,1,3,3,3,3,3,3,3,3,3,3,2,1,2,3,4,2,4,4,8,65361,14
3,3,3,2,3,3,3,3,3,3,3,2,3,3,3,3,3,3,3,3,3,3,2,1,1,3,5,1,1,1,8,73627,31
3,2,3,1,2,2,3,3,3,3,3,2,3,3,3,3,3,3,3,3,3,3,2,2,2,3,3,1,4,1,8,64414,21
3,3,3,3,3,3,3,2,3,3,3,3,3,3,3,3,3,3,3,3,3,3,2,1,2,7,1,1,-1,1,4,13715,21
3,3,3,1,3,2,3,2,3,3,3,2,3,3,3,3,3,3,3,3,3,3,2,2,2,3,3,2,5,1,5,23350,11
3,3,3,2,2,2,3,2,3,3,3,1,3,3,3,2,3,3,3,3,3,3,2,2,1,4,4,1,7,3,8,19060,33
3,3,3,3,2,2,2,2,3,3,3,1,3,3,3,3,3,3,3,3,3,3,2,2,1,6,3,1,3,2,8,6309,22
3,2,3,2,1,2,3,1,3,3,3,1,3,3,3,3,3,3,3,3,3,3,2,2,2,6,4,1,1,1,8,266192,21
3,3,3,2,2,2,2,2,2,3,3,1,3,3,3,2,3,3,3,3,3,3,2,2,2,3,3,2,2,1,3,185585,21
3,3,3,2,1,2,3,3,3,3,3,2,3,1,3,3,3,3,3,3,3,3,2,2,1,4,3,1,11,3,6,17271,23
3,2,2,2,1,3,3,2,2,3,3,1,3,3,2,2,2,3,3,3,3,2,2,2,1,3,4,1,2,1,4,4793,21
3,2,3,1,2,3,3,2,3,3,3,1,3,3,3,2,3,3,3,3,3,3,2,2,2,2,3,2,7,1,4,26352,21
3,3,3,3,3,3,3,1,3,3,3,1,3,3,3,3,3,3,3,3,3,3,2,2,1,2,4,2,2,1,0,355287,21
3,3,3,2,2,3,3,3,3,3,3,1,3,3,3,3,3,3,3,3,3,3,2,2,1,4,2,1,7,2,0,19101,12
3,3,3,2,1,2,3,2,3,3,3,1,3,3,3,3,3,3,3,3,3,3,2,2,1,5,3,1,7,2,0,25166,12
3,3,3,2,2,3,3,3,3,3,3,1,3,3,3,3,3,3,3,3,3,3,2,2,1,5,3,1,7,1,4,66182,11
3,2,3,1,1,2,3,3,3,3,2,1,3,3,3,3,3,3,3,3,3,2,2,2,2,4,4,1,11,1,7,36156,21
3,3,3,3,3,3,3,3,3,3,2,1,3,3,3,3,3,3,3,3,2,2,2,2,1,6,5,1,1,1,0,7371,21
3,3,3,2,3,3,3,2,3,3,2,1,3,3,3,3,3,3,3,3,3,3,2,2,2,4,3,1,6,3,0,25441,33
3,3,3,3,2,3,3,3,3,3,3,1,3,3,3,3,3,3,3,3,3,3,2,2,2,3,4,1,1,1,8,107822,41
3,3,3,3,3,3,3,3,3,3,3,1,3,3,3,3,3,3,3,3,3,3,2,2,2,5,4,1,1,1,8,6813,21
3,3,3,3,3,3,3,3,3,3,3,1,3,3,1,2,3,3,3,3,3,3,2,2,1,6,4,1,3,1,8,90418,31
3,3,3,3,3,3,3,1,3,3,3,1,3,3,3,3,3,3,3,3,3,3,2,2,2,3,4,1,1,1,8,300189,21
3,2,3,3,2,2,3,2,3,3,2,3,3,3,3,3,3,3,3,3,3,3,2,1,2,6,5,1,6,1,8,199644,21
3,3,3,2,2,3,3,2,3,3,3,1,3,3,3,3,3,3,3,3,3,3,2,2,1,6,5,1,99,1,0,21773,41
3,3,3,2,2,2,3,2,3,3,2,2,3,3,3,3,3,3,3,3,3,3,2,2,2,5,1,1,5,1,8,41545,41
3,3,3,3,3,3,3,3,3,3,3,1,3,3,3,3,3,3,3,3,3,3,2,2,1,3,3,1,14,3,0,51974,23
3,3,3,2,3,3,3,3,3,3,3,3,1,3,3,3,3,3,3,3,3,3,2,2,1,4,1,1,12,1,5,14505,11
3,3,3,3,3,2,3,3,3,3,3,1,3,3,3,3,3,3,3,3,3,3,2,2,2,4,4,2,2,1,5,57472,31
3,3,3,3,3,3,3,3,2,3,3,1,3,3,3,3,3,3,3,3,3,3,2,2,1,5,3,1,2,3,5,14258,23
3,3,3,1,1,3,3,3,3,3,3,1,3,3,1,1,3,3,3,3,3,3,2,2,1,4,5,1,1,2,8,13372,22
3,3,3,3,3,3,3,3,3,3,3,1,3,3,3,3,3,3,3,3,3,3,2,2,2,4,2,2,7,1,8,34083,11
3,3,3,2,2,2,3,2,3,3,3,2,3,3,3,3,3,3,3,3,3,3,2,2,1,7,1,1,4,3,3,48803,13
3,3,3,2,3,3,3,3,3,3,3,1,3,3,3,3,3,3,3,3,3,3,2,2,2,3,5,1,3,3,5,23945,33
3,3,3,3,3,3,3,2,3,3,3,1,3,3,3,3,3,3,3,3,3,3,2,2,2,3,4,1,7,3,6,23945,33
3,3,3,1,3,3,3,3,3,3,3,3,3,3,3,3,3,3,3,3,3,3,2,2,1,5,4,1,1,1,8,322543,11
3,3,3,3,3,3,3,2,3,2,2,1,3,3,3,2,3,3,3,3,3,2,2,2,1,2,4,2,1,1,4,10850,21
3,3,3,3,3,3,3,3,3,3,2,1,3,3,3,2,3,3,3,3,2,2,2,2,1,6,4,1,1,1,0,10809,21
3,3,3,3,3,3,3,3,3,3,3,1,3,3,3,1,3,3,3,3,3,3,2,2,2,4,5,2,1,1,8,17311,21
3,3,3,3,3,3,3,2,3,3,3,1,3,3,3,3,3,3,3,3,3,3,2,2,2,2,4,2,12,1,0,35522,31
9,9,9,9,9,9,9,9,9,9,9,9,9,9,2,2,9,9,9,9,2,2,2,2,1,2,2,2,1,1,5,10850,21
3,3,3,2,2,3,3,3,3,3,2,1,3,3,3,3,3,3,3,3,3,3,2,2,1,5,5,1,1,1,0,8503,21
3,3,3,2,3,3,3,3,3,3,3,1,3,3,3,3,3,3,3,3,3,3,2,2,2,3,2,1,12,1,7,21039,11
3,3,3,3,3,1,3,2,3,3,3,2,3,3,3,3,3,3,3,3,3,3,2,1,1,2,4,2,1,1,5,61474,31
3,3,3,3,3,3,3,3,3,3,3,1,3,3,3,3,3,3,3,3,3,3,2,2,1,4,2,1,12,2,8,110010,32
3,3,3,3,3,3,3,3,3,3,3,1,3,3,3,3,3,3,3,3,3,3,2,2,1,2,3,2,1,1,0,9248,21
3,3,3,2,3,3,3,3,3,3,3,1,3,3,3,3,3,3,3,3,3,3,2,2,2,3,5,1,1,1,0,10419,21
3,3,3,3,3,3,3,3,3,1,3,3,3,3,3,3,3,3,3,3,3,3,2,2,2,2,3,2,1,1,8,14181,21
3,1,3,1,3,3,3,3,3,3,3,1,3,3,3,3,3,3,3,3,3,3,2,2,1,2,5,1,7,1,0,783583,11
3,3,3,3,3,3,3,2,3,3,2,1,3,3,3,3,3,3,3,3,2,2,2,2,2,3,5,2,-1,1,0,15628,21
3,3,3,1,1,1,3,1,1,3,3,1,3,3,3,1,3,3,3,3,3,3,2,2,1,4,4,1,6,3,4,109771,43
3,3,3,3,3,3,3,3,3,3,3,1,3,3,3,3,3,3,3,3,3,3,2,2,2,4,4,2,12,1,0,25651,31
3,3,3,1,2,2,3,2,3,3,3,1,3,3,3,1,3,3,3,3,3,3,2,2,1,4,3,1,2,2,5,2667,22
3,1,3,1,1,3,2,1,3,3,3,3,3,3,3,3,3,3,3,3,3,3,2,2,2,5,3,-1,-1,1,0,15133,21
3,3,3,2,3,3,3,2,3,3,3,3,3,3,3,2,3,3,3,3,3,3,2,2,2,2,2,2,10,1,3,53494,11
3,3,3,1,3,3,3,3,3,3,3,3,3,3,3,1,3,3,3,3,3,3,2,2,2,5,1,2,7,4,3,45576,14
3,2,3,2,3,3,3,2,2,3,3,3,3,3,3,3,2,3,3,3,3,3,2,1,2,4,3,1,7,1,3,29069,11
3,2,2,1,3,3,3,3,2,3,3,3,3,3,3,3,3,3,3,3,3,3,2,2,1,7,3,1,7,1,2,3367,21
3,2,3,1,2,3,3,2,3,1,3,3,3,3,3,3,3,3,3,3,3,3,2,2,2,3,3,2,11,1,3,19360,21
3,3,3,2,3,3,3,3,3,3,3,3,3,3,3,1,3,3,3,3,3,3,2,2,2,6,3,1,9,2,4,19819,22
3,2,3,1,2,2,3,2,3,3,3,3,3,3,3,3,3,3,3,3,3,3,2,2,1,7,5,2,-1,1,0,27668,21
3,3,3,1,2,3,2,2,3,3,2,3,3,3,3,3,3,3,3,3,3,3,2,2,2,3,3,1,10,2,4,4458,22
3,3,3,3,1,3,3,3,3,3,3,3,3,3,3,2,3,3,3,3,3,3,2,2,2,4,3,2,2,2,8,32081,12
3,3,3,1,2,2,3,3,3,3,3,3,3,3,3,2,3,3,3,3,3,3,2,2,1,3,5,1,-1,2,8,31961,12
3,3,3,2,3,2,3,2,3,1,3,3,3,3,3,3,3,3,3,3,3,3,2,2,1,4,3,1,5,1,0,18091,31
3,3,3,2,2,2,3,3,3,3,3,3,3,3,3,3,3,3,3,3,8,8,2,2,2,2,4,1,5,1,8,318248,11
3,3,3,1,1,1,3,2,3,3,3,3,3,3,3,3,3,3,3,3,3,3,2,2,2,4,4,1,4,3,8,39743,13
3,3,3,1,1,2,3,2,3,3,3,3,3,3,3,3,3,3,3,3,3,3,2,2,2,4,3,2,11,1,4,23407,11
3,3,3,1,1,3,3,3,3,3,3,3,3,3,3,3,3,3,3,3,3,3,2,2,2,4,3,2,14,3,4,62118,13
3,3,3,2,2,2,3,2,3,3,3,3,3,3,3,3,3,3,3,3,3,3,2,2,2,5,2,2,7,1,6,53114,41
3,3,3,1,3,3,3,2,3,3,3,3,3,3,3,3,3,3,3,3,3,3,2,2,1,3,3,1,4,3,6,28904,33
3,3,3,3,3,3,3,3,3,3,3,1,3,3,3,3,3,3,3,3,3,3,2,2,2,3,3,2,12,2,8,119099,32
3,3,3,1,3,2,3,3,3,3,3,3,3,3,3,3,3,3,3,3,3,3,2,1,1,6,4,1,6,3,7,22826,43
3,3,3,3,3,3,3,3,3,3,3,1,3,3,3,3,3,3,3,3,3,3,2,2,2,7,3,2,2,3,3,58837,43
3,3,3,2,3,3,3,2,3,3,3,3,3,3,3,3,3,3,3,3,3,3,2,2,1,2,4,2,8,1,8,35483,11
3,3,3,3,3,3,3,1,3,3,3,3,3,3,3,3,3,3,3,3,3,3,2,2,1,7,2,1,4,1,4,4549,11
3,3,3,1,3,3,3,2,3,3,3,3,3,3,3,3,3,3,3,3,3,3,2,2,1,4,3,1,2,1,8,19902,11
3,3,3,3,1,3,3,2,3,3,3,3,3,3,3,3,3,3,3,3,3,3,2,2,2,4,3,2,1,1,4,17683,41
3,3,3,1,1,2,3,2,3,3,3,3,3,3,3,3,3,3,3,3,3,3,2,2,1,6,2,1,9,1,6,9608,41
3,3,3,2,1,3,3,2,3,3,3,3,3,3,3,3,3,3,3,3,3,3,2,2,2,3,4,2,5,1,5,11846,41
3,3,3,2,1,3,3,2,3,3,3,3,3,3,3,3,3,3,3,3,3,3,2,2,2,6,1,1,10,1,2,21018,41
3,3,3,2,1,2,3,2,3,3,3,3,3,3,3,3,3,3,3,3,3,3,2,2,2,2,2,1,12,1,3,17354,41
3,3,3,1,2,3,3,3,3,3,3,3,3,3,3,3,3,3,3,3,3,3,2,2,2,5,3,1,7,1,8,27500,41
3,3,3,1,2,3,3,2,3,3,3,3,3,3,3,3,3,3,3,3,3,3,2,2,1,3,4,1,12,1,6,9292,41
3,3,3,2,1,2,3,2,3,3,3,3,3,3,3,3,3,3,3,3,3,3,2,2,1,4,3,1,11,1,3,93881,41
3,3,3,2,1,3,3,2,3,3,3,3,3,3,3,3,3,3,3,3,3,3,2,1,2,3,1,2,2,1,4,107822,41
3,3,3,3,1,3,3,3,3,3,3,2,3,3,3,3,3,3,3,3,3,3,2,2,2,3,3,2,5,1,4,71882,41
3,3,3,3,1,3,3,3,3,3,3,3,3,3,3,3,3,3,3,3,3,3,2,2,2,6,3,2,8,1,8,139743,41
3,3,3,3,1,3,3,2,3,3,3,3,3,3,3,3,3,3,3,3,3,3,2,2,2,4,4,1,1,1,7,96451,41
3,3,3,3,1,3,3,3,3,3,3,3,3,3,3,3,3,3,3,3,3,3,2,2,1,3,5,1,1,1,8,112768,41
3,3,3,1,1,2,3,2,3,3,3,2,3,3,3,3,3,3,3,3,3,3,2,2,1,5,2,1,-1,1,6,145424,41
3,3,3,3,1,3,3,2,3,3,3,3,3,3,3,3,3,3,3,3,3,3,2,1,2,3,2,2,1,1,8,121899,41
3,3,3,3,1,3,3,3,3,3,3,3,3,3,3,3,3,3,3,3,3,3,2,2,2,2,3,1,12,1,5,238102,41
3,3,3,3,1,3,3,3,3,3,3,3,3,3,3,3,3,3,3,3,3,3,2,2,2,4,3,1,5,1,5,109043,41
3,3,3,1,3,3,3,3,3,3,3,3,3,3,3,3,3,3,3,3,3,3,2,2,2,3,4,2,14,1,8,104018,31
3,3,3,1,3,3,3,3,3,3,3,3,3,3,3,3,3,3,3,3,3,3,2,2,1,5,3,1,14,1,5,59934,31
3,3,3,1,3,3,3,2,3,3,3,2,3,3,3,3,3,3,3,3,3,3,2,2,1,2,5,2,2,1,0,113937,31
3,3,3,1,3,3,3,3,3,3,3,3,3,3,3,3,3,3,3,3,3,3,2,2,1,4,3,1,14,1,8,70191,31
3,3,3,1,3,3,3,3,3,3,3,3,3,3,3,3,3,3,3,3,3,3,2,2,1,4,4,1,14,1,7,70191,31
3,3,3,1,3,2,3,2,3,3,2,3,3,3,3,3,3,3,3,3,3,3,2,1,2,5,3,1,10,1,4,50740,31
3,2,3,2,3,3,3,3,3,3,3,3,3,3,3,3,3,3,3,3,3,3,2,2,2,4,4,1,10,1,0,139833,21
3,1,2,1,2,3,3,2,3,3,3,1,3,3,3,3,3,3,3,3,3,3,2,1,2,5,3,1,5,1,0,75778,21
3,1,3,1,1,3,3,3,3,3,3,3,3,3,3,3,3,3,3,3,3,3,2,2,1,2,4,2,7,1,4,50899,21
3,3,3,1,1,3,2,2,3,3,3,3,3,3,3,3,3,3,3,3,3,3,2,2,2,6,3,1,7,1,7,20011,21
3,1,3,1,2,2,2,3,3,2,2,3,3,3,2,3,3,3,3,3,3,3,2,2,1,4,4,1,5,1,6,20253,21
3,1,2,3,1,3,3,2,3,3,3,3,3,3,3,3,3,3,3,3,3,3,2,2,2,2,3,1,6,1,8,40956,21
3,1,3,1,3,3,3,1,3,3,3,3,3,3,3,3,3,3,3,3,3,3,2,2,1,5,3,1,7,1,8,35048,21
3,2,3,1,1,3,3,1,3,3,3,3,3,3,3,3,3,3,3,3,3,3,2,2,1,2,3,1,6,1,0,50825,21
2,2,3,1,2,3,3,2,2,3,3,3,3,3,3,3,3,3,3,3,3,3,2,2,1,3,4,1,1,1,8,51342,21
3,2,3,1,3,2,3,3,3,3,3,3,3,3,3,1,3,3,3,3,3,3,2,2,2,5,4,-1,-1,1,0,15133,21
3,3,9,1,3,3,3,1,3,3,3,3,3,3,3,3,3,3,3,3,3,3,2,1,1,5,2,1,11,1,4,2630,21
3,3,3,1,3,3,3,3,3,3,3,3,3,3,3,2,3,3,3,3,3,3,2,2,1,5,3,1,7,1,8,26261,31
3,3,3,2,2,3,3,2,3,3,3,3,3,3,1,3,3,3,3,3,3,3,2,2,2,4,4,1,3,1,8,9259,31
3,3,3,1,3,3,3,3,3,3,3,3,3,3,3,3,3,3,3,3,3,3,2,2,1,7,1,1,12,1,4,64360,31
3,3,3,1,3,3,3,3,3,3,3,3,3,3,3,3,3,3,3,3,3,3,2,1,2,5,2,1,11,1,3,16817,11
3,3,3,1,3,2,3,2,3,3,3,3,3,3,3,3,3,3,3,3,3,3,2,1,1,6,1,1,5,1,7,39560,11
3,3,3,1,1,3,3,2,3,3,3,3,3,3,3,3,3,3,3,3,3,3,2,2,2,5,2,1,10,1,3,7237,11
3,3,3,3,3,3,3,3,3,3,3,3,3,3,3,1,3,3,3,3,3,3,2,2,1,4,3,1,11,2,3,35733,42
3,3,3,1,1,1,3,1,3,3,3,3,3,3,3,3,3,3,3,3,3,3,2,1,2,2,2,2,5,2,8,80162,42
3,3,3,1,3,3,3,2,3,3,3,3,3,3,3,3,3,3,3,3,3,3,2,2,1,3,1,1,7,2,4,21461,42
3,3,3,2,2,3,3,2,2,3,3,3,3,3,3,2,3,3,3,3,3,3,2,2,1,4,3,1,7,2,0,52647,42
2,2,2,1,2,3,2,3,2,3,3,3,3,3,3,2,3,3,3,3,3,3,2,1,2,4,4,1,8,2,4,36896,42
3,3,3,1,1,3,3,3,3,3,3,3,3,3,3,3,3,3,3,3,3,3,2,2,2,4,1,1,7,2,8,36896,42
3,3,3,1,1,1,3,1,3,3,3,3,3,3,3,3,3,3,3,3,3,3,2,1,1,2,3,1,5,2,8,66090,42
3,3,3,3,1,3,3,3,3,3,3,3,3,3,3,3,3,3,3,3,3,3,2,2,1,4,4,1,7,2,4,71826,42
2,2,2,1,1,2,3,1,3,3,3,3,3,3,2,2,2,3,2,3,2,2,2,2,2,6,2,1,7,4,4,99437,44
3,3,3,1,3,3,3,3,1,3,3,3,3,3,3,3,3,3,3,3,3,3,2,1,1,3,3,1,5,4,4,120364,44
3,3,3,3,1,3,3,3,3,3,3,3,3,3,3,1,3,3,3,3,3,9,2,2,1,6,1,1,4,4,2,62229,44
3,3,3,3,3,3,3,3,3,3,3,3,3,3,3,1,3,3,3,3,3,3,2,2,1,5,2,1,7,4,0,91531,44
3,3,3,1,1,1,3,1,3,3,3,3,3,3,3,3,3,3,3,3,3,3,2,1,1,2,3,1,5,4,5,184405,44
3,3,3,1,3,3,3,3,3,3,3,2,3,3,3,2,3,3,3,3,3,3,2,2,1,2,3,2,4,2,0,34863,12
3,2,3,1,3,3,3,3,3,3,3,3,3,3,3,3,3,3,3,3,3,3,2,2,1,3,5,1,8,1,0,416600,11
3,2,3,1,3,3,3,3,3,3,3,3,3,3,3,3,3,3,3,3,3,3,2,2,2,2,3,1,5,1,6,656324,11
1,3,3,1,3,3,3,3,3,3,3,3,3,3,3,3,3,3,3,3,3,3,2,2,2,6,2,2,-1,1,8,310231,11
2,3,3,1,3,3,3,3,3,3,3,3,3,3,3,2,3,3,3,3,3,3,2,2,1,4,3,1,5,1,5,319614,11
2,2,2,1,2,2,2,2,3,3,2,2,3,3,3,2,3,3,3,3,3,3,2,2,2,3,3,1,2,1,7,463585,11
1,3,3,1,3,3,3,3,3,3,3,3,3,3,3,3,3,3,3,3,3,3,2,2,1,5,4,1,14,1,5,168444,11
2,3,3,1,3,3,3,3,3,3,3,3,3,3,3,3,3,3,3,3,3,3,2,2,2,5,3,1,5,1,5,538766,11
1,2,3,1,3,3,2,3,3,3,3,3,3,3,3,2,3,3,3,3,3,3,2,2,1,6,5,1,1,1,6,673203,11
3,2,3,2,3,3,1,3,3,3,3,3,3,3,3,3,3,3,3,3,3,3,2,2,2,3,3,2,12,1,5,21039,11
3,3,3,1,3,3,3,3,3,3,3,3,3,3,3,3,3,3,3,3,3,3,2,2,1,5,3,1,2,1,3,14288,11
3,3,3,1,3,3,3,3,3,3,3,3,3,3,3,3,3,3,3,3,3,3,2,2,2,3,2,2,5,1,5,19661,11
3,2,3,1,3,3,3,3,3,3,3,3,3,3,3,3,3,3,3,3,3,3,2,2,1,2,3,2,12,1,0,73882,21
3,3,3,1,3,3,3,3,3,3,3,3,3,3,3,1,3,3,3,3,3,3,2,2,1,2,4,2,5,1,5,110823,21
3,1,3,1,3,3,3,3,3,3,3,3,3,3,3,3,3,3,3,3,3,3,2,2,1,3,3,1,5,1,6,92021,21
3,1,3,1,1,3,3,3,3,3,3,3,3,3,3,3,3,3,3,3,3,3,2,2,1,7,3,2,-1,1,0,21514,21
3,3,3,3,3,3,3,1,3,1,3,3,3,3,3,3,3,3,3,3,3,3,2,2,1,3,4,1,7,1,8,184041,21
3,3,3,2,1,2,1,3,3,3,3,3,3,3,3,3,3,3,3,3,3,3,2,2,2,2,3,2,6,3,4,52388,23
3,3,3,1,1,2,3,3,1,3,3,3,3,3,3,3,3,3,3,3,3,3,2,2,1,6,3,1,5,3,8,68171,23
3,3,3,1,3,3,3,3,3,3,3,3,3,3,3,3,3,3,3,3,3,3,2,2,1,4,3,1,5,3,0,19216,23
3,3,3,1,1,3,3,2,3,3,3,3,3,3,3,3,3,3,3,3,3,3,2,2,2,4,3,1,2,1,0,18078,21
3,2,3,1,2,2,3,2,3,3,3,3,3,1,3,3,3,3,3,3,2,3,2,2,1,4,2,1,11,1,0,2864,21
3,2,3,2,2,2,3,2,3,3,3,3,3,3,1,3,3,3,3,3,3,3,2,2,1,3,3,1,8,1,6,14399,21
3,3,3,1,1,3,3,3,3,3,3,3,3,3,3,3,3,3,3,3,3,3,2,2,2,4,3,1,6,1,8,18280,21
3,2,3,1,3,3,3,3,3,3,3,3,3,3,3,3,3,3,3,3,3,3,2,2,2,5,1,1,7,1,6,20468,21
3,3,3,3,3,3,3,1,3,3,3,3,3,3,3,1,3,3,3,3,3,3,2,2,1,7,1,2,-1,4,3,21028,24
3,3,3,3,3,3,3,1,3,3,3,3,3,3,3,1,3,3,3,3,3,3,2,2,1,6,3,1,5,4,5,60766,24
3,3,3,3,1,3,3,3,3,3,3,3,3,3,3,3,3,3,3,3,3,3,2,1,2,3,3,2,6,2,0,46207,22
3,2,3,1,1,3,3,3,3,3,3,3,3,3,2,3,3,3,3,3,3,3,2,2,1,4,5,1,1,2,8,33429,22
3,1,3,1,2,3,3,2,3,2,3,1,3,3,3,2,3,3,3,3,3,3,2,2,1,5,2,1,-1,2,8,18241,22
3,2,3,1,1,3,3,2,3,3,3,3,3,3,3,3,1,3,3,3,3,3,2,2,2,3,3,1,3,2,4,22350,22
3,2,3,1,1,3,3,2,3,3,3,3,3,3,3,3,3,3,3,3,3,3,2,2,2,4,4,2,14,1,3,150235,21
3,2,3,1,2,2,3,3,3,3,3,3,3,3,3,3,3,3,3,3,3,3,2,2,2,2,4,2,7,1,8,205785,21
3,3,3,2,1,3,3,3,3,3,3,3,3,3,3,3,3,3,3,3,3,3,2,2,1,2,4,2,1,1,0,89468,21
3,2,3,1,2,2,2,2,2,2,3,1,3,3,2,2,3,3,3,3,3,2,2,1,1,2,3,2,3,1,0,41747,21
3,2,3,3,2,2,2,2,3,3,3,3,3,3,3,3,3,3,3,3,3,3,2,2,2,2,4,2,8,2,5,8091,22
3,3,3,2,2,3,2,2,3,3,3,8,3,3,2,2,3,3,3,3,3,3,2,2,1,5,3,1,2,2,5,7277,22
3,3,3,2,2,2,2,3,2,3,3,1,3,3,3,3,3,3,3,3,3,3,2,2,1,5,3,1,9,2,0,7277,22
3,3,3,3,2,2,2,2,2,3,3,3,3,3,3,3,3,3,3,3,3,3,2,2,2,4,4,2,11,2,4,16839,22
3,3,3,2,2,2,2,3,2,3,3,2,3,3,3,3,3,3,3,3,3,3,2,2,1,5,3,1,9,2,3,7277,22
3,2,3,3,2,2,3,2,3,3,3,3,3,3,3,3,3,3,3,3,3,3,2,1,2,3,4,2,5,2,5,8917,22
3,3,3,3,1,3,3,3,3,3,3,3,3,3,3,3,3,3,3,3,3,3,2,2,2,2,4,1,12,2,8,32347,12
3,3,3,1,1,1,3,3,3,3,3,3,3,3,3,2,3,3,3,3,3,3,2,2,1,2,4,2,5,2,5,28964,12
3,3,3,3,1,2,3,3,2,3,3,3,3,3,3,3,3,3,3,3,3,3,2,2,1,3,4,1,8,2,4,20532,12
3,3,3,3,2,2,3,3,3,3,3,3,3,3,3,3,3,3,1,3,3,3,2,2,1,7,1,1,4,2,3,5138,12
3,3,3,3,1,1,3,3,3,3,3,3,3,3,3,3,3,3,3,3,3,3,2,1,2,2,4,2,5,2,5,50352,12
3,2,3,1,3,2,3,2,3,3,3,3,3,3,3,3,3,3,3,3,3,3,2,2,2,3,3,2,2,1,0,19585,31
3,2,3,1,3,3,3,2,3,3,3,3,3,3,3,3,3,3,3,3,3,3,2,2,1,4,3,1,5,1,0,18091,31
3,3,3,1,3,3,3,2,3,3,3,3,3,3,3,3,3,3,3,3,3,3,2,2,2,6,3,2,-1,1,0,24317,31
3,1,3,1,3,3,3,2,3,3,3,3,3,3,3,3,3,3,3,3,3,3,2,2,1,5,3,1,6,1,0,14106,31
3,3,3,1,3,2,3,2,3,3,3,3,3,3,3,3,3,3,3,3,3,3,2,2,2,2,3,2,6,1,0,39877,31
3,1,3,1,3,3,3,3,3,3,3,3,3,3,3,3,3,3,3,3,3,3,2,2,2,2,4,1,5,1,0,39877,31
3,3,3,1,3,3,3,2,3,3,3,3,3,3,3,3,3,3,3,3,3,3,2,2,1,6,1,1,2,1,0,10178,31
3,1,3,1,3,1,3,1,3,3,3,3,3,3,3,1,3,3,3,3,3,3,2,2,1,4,3,1,14,1,8,30053,31
3,3,3,1,3,3,3,1,3,3,3,3,3,3,3,3,3,3,3,3,3,3,2,2,2,3,4,1,2,1,8,28921,31
3,1,3,2,3,3,2,2,3,3,3,3,3,3,3,1,3,3,3,3,9,9,2,1,2,5,4,1,2,1,8,72418,31
3,1,3,2,3,3,3,2,3,3,3,3,3,3,3,3,3,3,3,3,3,3,2,2,2,6,2,1,-1,1,5,113618,31
3,1,3,2,3,3,1,2,3,3,3,2,3,3,3,2,3,3,3,3,3,3,2,1,1,5,4,1,6,1,6,97190,31
3,1,3,3,3,3,1,3,3,3,3,3,3,3,3,2,3,3,3,3,3,3,2,1,2,4,3,1,14,1,8,102796,31
3,3,3,2,2,2,3,2,1,3,3,3,3,3,3,2,3,3,3,3,3,3,2,2,1,6,1,1,11,2,4,44039,42
3,3,3,2,2,2,3,2,1,3,3,3,3,3,2,2,3,3,3,3,3,3,2,2,2,4,2,2,11,2,4,66932,42
9,9,9,1,1,3,9,2,9,9,9,3,3,3,3,3,3,3,3,3,9,9,2,2,2,4,3,1,5,1,6,202770,11
3,3,3,1,2,1,3,3,3,3,3,3,3,3,3,3,3,3,3,3,3,3,2,2,1,2,4,1,5,1,7,107188,11
3,3,3,1,2,2,3,3,3,3,3,3,3,3,3,3,3,3,3,3,3,3,2,2,2,3,3,1,7,1,8,303572,11
9,9,9,2,1,2,9,2,3,9,3,9,9,9,3,2,3,9,9,9,9,9,2,2,2,4,3,2,7,1,8,171609,11
3,3,3,2,1,2,3,3,3,3,3,3,3,3,3,3,3,3,3,3,3,3,2,2,1,4,2,1,14,3,3,29082,13
3,3,3,3,1,3,3,3,3,3,3,3,3,3,3,3,3,3,3,3,3,3,2,1,1,3,3,1,14,3,3,19797,13
3,3,3,3,3,3,3,3,3,3,3,3,3,3,3,3,3,3,3,3,3,3,2,2,1,2,3,2,8,3,3,27926,13
3,3,3,1,3,3,3,3,3,3,3,3,3,3,3,1,3,3,3,3,3,3,2,2,1,2,4,2,4,3,4,46544,13
3,3,3,1,1,3,3,1,3,3,3,3,3,3,3,3,3,3,3,3,3,9,2,2,1,3,4,1,11,1,5,21476,11
3,3,3,1,1,2,3,3,3,3,3,3,3,3,3,3,3,3,3,3,3,3,2,2,2,2,4,2,12,1,7,67669,11
3,3,3,1,1,2,3,2,3,3,3,3,3,3,3,3,3,3,3,3,3,3,2,2,2,3,3,2,11,1,4,37265,11
3,3,3,3,1,3,3,3,3,3,3,3,3,3,3,3,3,3,3,3,3,3,2,1,2,2,3,2,14,1,3,91842,11
3,3,3,1,1,2,2,2,3,3,3,3,3,3,3,3,3,3,3,3,3,3,2,2,1,5,3,1,8,1,5,13540,11
3,3,3,2,2,2,3,2,3,3,3,3,3,3,3,3,3,3,3,3,3,3,2,1,1,2,3,2,7,1,6,48390,41
3,3,3,2,2,3,3,1,3,3,3,3,3,3,3,3,3,3,3,3,3,3,2,2,1,3,4,1,99,1,8,31585,41
3,3,3,2,2,3,3,2,3,3,3,3,3,3,3,3,3,3,3,3,3,3,2,2,2,3,4,1,6,1,8,20133,41
3,3,3,1,3,2,3,1,3,3,3,3,3,3,3,3,3,3,3,3,3,1,2,2,1,3,3,1,5,4,3,67390,14
3,3,3,3,3,3,3,3,2,9,3,1,3,3,3,3,3,3,3,3,3,2,2,2,1,2,3,1,7,4,8,63377,14
3,3,3,3,3,1,3,3,2,3,3,3,3,3,2,3,3,3,2,3,3,1,2,2,1,7,2,2,-1,4,0,32503,14
3,3,3,3,2,2,3,3,3,3,3,3,1,3,3,3,3,3,1,3,3,3,2,1,1,7,1,1,4,4,3,32503,14
3,3,3,3,1,1,3,3,3,3,3,3,3,3,3,3,3,3,3,3,3,3,2,2,1,2,2,1,7,4,0,63377,14
3,3,3,3,3,3,3,3,3,3,3,3,1,3,3,3,3,3,3,3,3,3,2,2,1,4,3,1,6,1,4,102786,31
3,3,3,2,3,3,3,3,3,3,3,3,3,3,3,3,3,3,3,3,3,3,2,2,1,3,3,1,5,1,6,73627,31
3,3,3,1,3,3,3,3,3,3,3,3,3,3,3,3,3,3,3,3,3,3,2,2,1,5,4,1,4,4,2,24269,34
9,3,3,1,8,3,3,2,2,3,2,2,3,3,3,2,3,3,3,3,2,3,2,2,1,5,4,1,5,3,8,43115,33
2,3,3,1,2,2,3,3,3,3,3,3,3,3,3,3,3,3,3,3,3,3,2,2,1,3,5,1,1,3,7,28904,33
3,3,3,1,3,3,3,3,3,3,3,3,3,3,3,3,3,3,3,3,3,3,2,2,1,2,2,2,8,3,5,87427,33
3,3,3,2,3,3,3,2,3,3,3,1,3,3,3,3,3,3,3,3,3,3,2,2,2,3,4,1,8,3,0,23945,33
3,3,3,1,3,3,3,2,3,3,3,3,3,3,3,3,3,3,3,3,3,3,2,1,1,2,3,2,-1,2,0,73795,32
3,3,3,1,3,2,3,2,3,3,3,2,3,3,3,3,3,3,3,3,3,3,2,2,2,5,3,1,12,2,4,161947,32
3,3,3,2,3,3,3,3,3,3,3,3,3,3,1,3,3,3,3,3,3,3,2,2,1,5,2,1,12,2,8,87341,32
3,3,3,2,3,3,3,3,3,3,3,3,3,3,1,3,3,3,3,3,3,3,2,1,2,3,4,1,12,2,7,80845,32
3,3,3,1,3,3,3,3,3,3,3,3,3,3,3,3,3,3,3,3,3,3,2,2,2,3,1,2,12,2,8,119099,32
3,3,3,2,3,3,3,3,3,3,3,2,3,3,3,3,3,3,3,3,3,3,2,2,1,2,4,1,1,1,0,43215,31
3,3,3,3,3,3,3,3,3,3,3,3,3,3,3,3,3,3,3,3,3,3,2,1,2,5,4,-1,-1,1,0,15806,31
3,3,3,1,2,1,3,2,3,3,3,3,3,3,3,3,3,3,3,3,3,3,2,2,1,5,3,1,14,2,6,123070,32
3,3,3,1,1,2,3,1,3,1,3,2,3,3,2,2,3,3,3,3,3,3,2,2,2,2,3,1,14,2,5,260934,32
3,3,3,1,3,3,3,1,3,3,3,3,3,3,1,1,3,3,3,3,3,3,2,2,2,4,4,1,2,2,8,97626,32
3,8,9,2,2,9,3,3,3,3,2,1,3,3,3,3,3,3,3,3,8,9,2,2,1,2,4,1,8,2,8,233964,32
3,3,3,1,2,2,2,1,2,2,3,2,3,3,1,1,3,3,3,3,3,3,2,2,1,3,3,1,4,2,8,198474,32
3,3,3,1,1,1,3,2,3,3,3,3,3,3,2,3,3,3,3,3,3,3,2,1,2,5,4,2,5,3,6,43554,43
3,3,3,1,3,3,3,2,3,3,3,3,3,3,2,3,3,3,3,3,3,3,2,2,1,2,5,1,2,3,6,33820,43
3,3,3,3,3,3,3,1,3,3,3,3,3,3,3,3,3,3,3,3,3,3,2,2,2,4,3,2,2,3,3,28321,43
3,3,3,3,3,2,3,3,1,3,3,3,3,3,3,3,3,3,3,3,3,3,2,2,1,4,3,1,11,3,4,110612,43
3,3,3,3,3,2,3,3,1,3,3,3,3,3,3,3,3,3,3,3,3,3,2,2,1,3,4,1,8,3,5,88576,43
3,3,3,2,2,3,3,2,3,3,3,3,3,3,2,2,2,3,3,3,3,3,2,2,2,2,3,2,14,3,7,63021,33
3,3,3,2,1,2,3,1,2,2,3,2,2,2,2,2,2,3,3,3,3,3,2,2,1,2,3,2,7,3,5,25114,33
3,3,3,2,2,3,3,3,3,3,3,3,3,3,3,2,3,3,3,3,3,3,2,2,1,2,4,1,7,3,8,50229,33
3,3,3,2,2,2,3,3,3,3,3,3,3,3,3,3,3,3,3,3,3,3,2,2,1,3,4,1,14,2,0,103132,32
3,3,3,1,1,3,3,3,3,3,3,3,3,3,3,3,3,3,3,3,3,3,2,1,2,4,4,1,7,2,4,36896,42
3,3,3,2,3,3,3,1,3,3,3,3,3,3,3,3,3,3,3,3,3,3,2,2,2,5,2,2,9,1,8,23358,11
3,3,3,2,3,3,3,2,3,3,3,3,3,3,2,3,3,3,3,3,3,3,2,2,1,2,2,1,-1,1,5,25481,11
3,3,3,1,3,2,3,2,3,3,3,2,3,3,3,3,3,3,3,3,3,3,2,2,1,3,3,2,-1,1,0,61152,31
3,3,3,2,3,3,3,3,3,3,3,3,3,3,3,3,3,3,3,3,3,3,2,2,2,7,1,2,8,1,6,212171,21
3,2,3,2,3,3,3,3,3,3,3,3,3,3,3,3,1,3,3,3,3,3,2,1,1,3,3,1,1,1,5,31986,21
3,1,3,2,1,3,2,2,3,3,3,3,3,3,3,3,3,3,3,3,3,3,2,2,2,3,3,2,6,1,5,43005,21
1,2,3,1,3,3,3,3,3,3,3,3,3,3,3,2,3,3,3,3,3,3,2,2,1,2,3,2,10,1,5,9534,21
3,2,3,1,1,2,3,2,3,3,3,3,3,3,3,3,3,3,3,3,3,3,2,2,2,5,3,1,7,1,6,4542,21
3,2,3,2,2,3,3,3,2,3,3,3,3,3,3,2,3,3,3,3,3,3,2,2,2,2,3,1,5,1,6,5848,21
3,3,3,2,2,3,3,3,3,3,3,3,3,3,3,3,3,3,3,3,3,3,2,2,2,4,3,1,6,1,5,18517,31
3,3,3,1,1,2,3,2,3,3,3,3,3,3,3,3,3,3,3,3,3,3,2,2,1,4,3,1,2,1,4,33680,31
3,3,3,1,2,2,3,2,3,3,3,3,3,3,3,3,3,3,3,3,3,3,2,2,2,6,1,2,-1,1,0,54008,31
1,2,1,1,1,1,3,1,1,3,1,1,2,1,1,1,1,3,3,3,1,1,2,2,1,3,1,1,2,2,5,42922,42
3,9,3,3,3,3,3,3,3,3,3,3,3,3,3,1,3,3,3,3,3,3,2,2,1,3,3,1,11,2,4,43138,42
3,3,3,2,1,2,3,2,3,3,3,3,3,3,3,3,3,3,3,3,3,3,2,2,1,3,3,1,7,4,0,63074,14
3,3,3,1,1,2,3,3,3,3,3,3,3,3,3,3,3,3,3,3,3,3,2,2,1,3,4,1,8,4,4,63074,14
3,3,3,3,3,3,3,1,3,3,3,3,3,3,3,3,3,3,3,3,3,3,2,1,2,4,3,1,2,2,4,24807,12
3,3,3,2,3,3,3,2,3,3,3,3,3,3,3,3,3,3,3,3,3,3,2,2,2,4,2,2,8,2,4,24807,12
3,3,3,1,3,3,3,2,3,3,3,2,3,3,3,3,3,3,3,3,3,3,2,2,2,3,3,2,4,2,3,26330,12
3,3,3,1,3,3,3,2,3,3,3,3,3,3,3,3,3,3,3,3,3,3,2,1,2,6,2,2,4,2,3,8810,12
3,2,3,2,3,3,3,3,3,3,3,3,3,3,3,3,3,3,3,3,3,3,2,2,2,6,1,2,-1,1,0,148510,11
3,2,3,2,3,2,3,2,3,3,3,3,3,3,3,3,3,3,3,3,3,3,2,2,1,7,5,2,-1,1,0,209867,11
2,3,2,2,3,2,3,2,3,3,3,3,3,3,3,3,3,3,3,3,3,3,2,2,1,7,5,2,13,1,2,104933,11
3,3,3,2,3,3,2,2,3,3,3,2,3,3,3,2,3,3,3,3,3,3,2,2,2,3,2,2,7,1,4,29492,11
3,3,3,3,2,3,3,2,3,3,3,3,3,3,3,3,3,3,3,3,3,3,2,2,1,7,4,2,-1,1,0,10855,21
3,3,3,3,3,3,3,2,3,3,3,3,3,3,3,3,3,3,3,3,3,3,2,2,1,7,2,2,-1,1,0,21514,21
3,3,3,3,1,3,3,3,3,3,3,3,3,3,3,3,3,3,3,3,3,3,2,1,1,7,1,2,-1,3,0,10039,23
3,3,3,2,2,3,3,2,2,3,3,3,3,3,3,3,3,3,3,3,3,3,2,2,2,3,2,2,5,3,3,57734,23
3,3,3,2,2,3,3,2,3,3,3,3,3,3,3,3,3,3,3,3,3,3,2,2,1,5,1,1,4,3,0,13107,23
3,2,3,2,3,2,2,3,3,3,3,3,3,3,3,3,3,3,3,3,3,3,2,2,2,7,1,2,-1,1,0,41145,21
3,2,3,2,3,3,3,3,3,3,3,3,3,3,3,3,3,3,3,3,3,3,2,2,2,5,2,2,8,1,4,27291,21
3,3,3,3,2,3,3,3,3,3,3,2,3,3,3,1,3,3,2,3,3,3,2,1,2,5,3,2,12,4,3,113639,24
3,3,3,3,3,3,3,1,3,1,3,1,3,3,3,1,3,1,1,3,3,3,2,1,2,2,2,1,7,4,6,109728,24
3,1,3,1,1,3,1,1,1,3,1,1,3,3,1,1,1,3,3,3,3,1,2,2,1,7,4,2,-1,2,0,8035,22
3,1,3,1,1,3,3,3,3,3,3,3,3,3,3,3,3,3,3,3,3,3,2,2,2,6,1,2,-1,2,4,20487,22
3,2,2,2,1,2,2,3,3,3,3,3,3,3,3,1,3,3,3,3,3,3,2,2,1,5,4,1,7,2,6,28284,22
3,3,3,2,2,3,3,3,2,3,3,3,3,3,3,2,3,3,3,3,3,3,2,2,2,6,4,1,14,2,8,19819,22
3,3,3,3,3,3,3,2,3,3,3,3,3,3,3,3,3,3,3,3,3,3,2,2,2,4,3,1,-1,2,0,42206,22
3,1,3,1,1,3,3,3,3,3,3,3,3,3,3,1,3,3,3,3,3,3,2,2,1,4,3,1,-1,2,4,26743,22
3,3,3,3,3,2,3,2,3,3,2,1,3,3,3,3,3,3,3,3,3,3,2,2,1,4,3,1,11,2,5,20057,22
2,2,3,3,2,2,2,2,1,3,3,3,3,3,3,3,3,3,3,3,3,3,2,2,2,7,1,1,-1,2,0,32020,22
3,3,2,3,2,3,3,3,3,3,3,3,3,3,3,3,3,3,3,3,3,3,2,2,1,7,4,2,-1,1,0,27668,21
3,2,3,2,3,3,3,3,3,3,3,3,3,3,3,3,3,3,3,3,3,3,2,2,1,2,4,2,14,1,5,223671,21
3,3,3,3,3,3,3,2,3,3,3,2,3,3,3,3,3,3,3,3,3,3,2,2,1,3,3,2,10,1,4,112447,21
3,2,2,2,1,2,2,2,3,3,2,3,3,3,3,3,3,3,3,3,3,3,2,2,1,3,4,1,7,1,0,25314,21
3,2,2,1,3,2,1,2,3,3,2,2,3,3,2,2,3,3,3,3,3,3,2,2,1,3,3,2,10,1,5,63286,21
3,3,3,2,2,3,3,3,3,3,3,3,3,3,3,3,3,3,3,3,3,3,2,2,2,6,2,2,-1,1,0,15090,21
3,2,2,2,2,2,3,2,2,2,2,2,3,3,3,3,3,3,3,3,3,3,2,2,2,4,4,1,12,1,5,16653,21
3,3,3,2,3,3,3,3,3,3,3,2,3,3,3,3,3,3,3,3,3,3,2,2,2,6,2,2,-1,1,0,7820,21
3,3,3,1,2,2,3,2,3,3,3,1,3,3,3,1,3,3,3,3,3,3,2,1,2,4,4,2,1,2,8,12629,22
3,3,3,2,1,3,3,1,3,3,3,2,3,3,3,3,3,3,3,3,3,3,2,2,1,5,3,1,9,2,0,5458,22
3,3,3,1,1,3,3,3,3,3,3,3,3,3,3,3,3,3,3,3,3,3,2,2,1,6,1,1,12,2,0,20116,12
3,3,3,3,3,1,3,1,3,3,3,3,3,3,3,2,3,3,3,3,3,3,2,1,1,3,5,1,3,2,7,26004,12
3,2,3,2,3,2,3,2,3,3,3,3,3,3,3,3,3,3,3,3,3,3,2,2,1,3,5,1,99,1,0,15761,31
3,2,3,2,3,3,3,2,3,3,3,3,3,3,3,3,3,3,3,3,3,3,2,2,2,2,3,2,3,1,0,39877,31
3,2,3,2,3,3,3,1,3,3,3,3,3,3,3,3,3,3,3,3,3,3,2,2,1,3,3,1,12,1,0,15761,31
3,3,3,1,3,3,3,1,3,3,3,3,3,3,3,3,3,3,3,9,9,9,2,2,2,3,3,2,6,1,6,14461,31
3,3,3,1,3,3,3,2,3,3,3,3,3,3,3,3,3,3,3,3,3,3,2,2,2,7,1,2,-1,1,0,197420,31
3,3,3,1,3,3,3,2,3,3,3,3,3,3,3,3,3,3,3,3,3,3,2,2,1,6,2,1,2,1,5,105186,31
3,3,3,1,3,3,3,3,2,3,3,3,3,3,3,3,3,3,3,3,3,3,2,2,2,6,1,2,7,1,7,125657,31
3,3,3,3,3,3,3,1,3,3,3,3,3,3,3,3,3,3,3,3,3,3,2,2,1,5,3,1,14,1,4,48595,31
3,3,3,1,3,3,3,1,3,3,3,3,3,3,3,3,3,3,3,3,3,3,2,2,2,3,4,2,13,1,8,67471,31
3,2,3,2,3,2,3,1,3,3,3,2,3,3,3,3,3,3,3,3,3,3,2,2,2,5,3,2,14,1,4,135157,31
3,3,3,2,1,2,3,3,3,3,3,3,3,3,3,3,3,3,3,3,3,3,2,2,2,4,3,2,2,4,0,105165,44
3,3,3,3,3,3,3,3,3,3,3,3,3,3,3,1,3,3,3,3,3,3,2,2,2,6,1,2,-1,4,0,101578,44
3,3,3,3,2,2,3,2,3,3,3,3,3,3,3,3,3,3,3,3,3,3,2,1,2,4,3,2,4,3,5,39743,13
3,3,3,1,1,2,3,3,3,3,3,3,3,3,3,3,3,3,3,3,3,3,2,2,1,5,3,1,14,1,4,8314,11
3,3,3,3,2,3,2,3,3,3,3,3,3,3,3,3,3,3,3,3,3,3,2,2,1,4,1,1,12,1,4,7888,11
3,3,3,1,1,3,3,2,2,3,3,3,3,3,3,2,3,3,3,3,3,3,2,2,2,2,4,2,7,1,6,91842,11
3,3,3,2,2,3,3,2,3,3,3,3,3,3,3,3,3,3,3,3,3,3,2,2,1,4,3,1,7,1,6,17128,11
3,3,3,2,3,3,3,3,3,3,3,3,3,3,3,3,3,3,3,3,3,3,2,2,1,6,3,1,9,1,4,9019,11
3,3,3,3,1,3,2,3,3,3,3,3,3,3,3,3,3,3,3,3,3,3,2,2,2,3,1,2,14,1,4,24844,11
3,3,3,2,2,3,3,2,3,3,3,3,3,3,3,3,3,3,3,3,3,3,2,1,1,7,2,2,-1,1,0,12480,41
3,3,3,2,2,2,3,2,3,3,3,3,3,3,3,3,3,3,3,3,3,3,2,1,1,4,4,1,6,1,6,17530,41
3,3,3,3,2,3,3,2,3,3,3,3,3,3,3,3,3,3,3,3,3,3,2,2,2,6,1,1,12,1,3,8698,41
3,3,3,1,3,3,3,3,3,3,3,2,3,3,3,3,3,3,3,3,3,3,2,2,2,3,1,2,2,1,5,50297,31
3,3,3,1,3,3,3,3,3,3,3,3,3,3,3,3,3,3,3,3,3,3,2,1,2,4,3,2,4,1,4,38315,31
3,3,3,2,3,3,3,3,3,3,3,3,3,3,3,3,3,3,3,3,3,3,2,1,2,3,4,2,11,1,6,60995,31
3,3,3,3,3,3,3,3,3,3,3,1,3,3,3,3,3,3,3,3,3,3,2,2,1,3,4,1,3,1,5,36813,31
3,3,3,2,3,3,3,3,3,3,3,3,3,3,3,3,3,3,3,3,3,3,2,2,2,6,1,2,3,4,4,125513,34
3,3,3,1,1,2,3,3,3,3,3,3,3,3,3,3,3,3,3,3,3,3,2,2,2,3,4,2,12,3,6,23945,33
3,3,3,2,3,3,3,3,3,3,3,3,3,3,3,3,3,3,3,3,3,3,2,2,1,3,4,1,8,1,6,27787,31
3,3,3,3,3,3,3,3,3,3,3,1,3,3,3,3,3,3,3,3,3,3,2,2,2,4,3,1,12,1,3,17536,31
3,3,3,2,3,3,3,2,3,3,3,1,3,3,3,3,3,3,3,3,3,3,2,2,1,3,3,1,9,1,4,27787,31
3,3,3,3,3,3,3,3,3,3,3,1,3,3,3,3,3,3,3,3,3,3,2,2,2,3,2,1,-1,1,5,34529,31
3,3,3,3,3,2,3,2,3,3,3,2,3,3,3,3,3,3,3,3,3,2,2,2,2,6,2,2,6,1,4,41808,31
3,3,3,3,3,3,3,3,3,3,3,2,3,3,3,3,3,3,3,3,3,3,2,2,2,4,3,1,97,1,8,34202,31
3,3,3,2,3,3,3,3,3,3,2,1,3,3,3,3,3,3,3,3,3,3,2,2,1,4,2,1,7,1,5,33585,31
3,3,3,3,3,3,3,3,3,3,3,2,3,3,3,3,3,3,3,3,3,3,2,2,1,3,3,1,5,1,4,13549,31
3,3,3,2,3,3,3,2,3,3,3,3,3,3,3,3,3,3,3,3,3,3,2,2,2,4,3,2,8,2,7,92378,32
3,3,3,2,3,2,3,3,3,3,3,3,3,3,3,3,3,3,3,3,3,3,2,1,2,5,2,1,12,2,3,80973,32
3,3,3,2,3,2,3,3,3,3,3,3,3,3,3,2,3,3,3,3,3,3,2,2,2,7,1,2,9,1,8,46175,31
3,3,3,3,3,3,3,2,3,3,3,3,3,3,3,3,3,3,3,3,3,3,2,2,1,7,2,2,-1,1,0,34945,31
3,3,3,2,3,3,3,3,3,3,3,3,3,3,3,3,3,3,2,3,3,3,2,2,1,7,2,2,-1,4,0,58893,34
2,3,3,1,2,3,3,2,3,1,3,1,3,3,3,3,3,3,3,3,3,3,2,2,2,4,2,2,7,2,0,125252,32
3,3,3,2,2,2,3,3,3,3,3,3,3,3,3,3,3,3,3,3,3,3,2,2,2,3,3,2,14,2,0,82211,32
3,3,3,3,3,3,3,3,3,3,3,1,3,3,3,3,3,3,3,3,3,3,2,2,2,7,3,2,2,3,8,78449,43
3,3,3,3,3,3,3,1,3,3,3,3,3,3,3,3,3,3,3,3,3,3,2,2,1,3,3,2,12,3,0,44150,43
3,3,3,3,1,3,3,1,1,3,3,3,3,3,3,1,3,3,3,3,3,3,2,2,2,3,3,2,11,3,6,168096,43
3,2,3,1,1,3,3,1,3,3,3,3,3,3,2,2,2,3,3,3,3,3,2,2,2,4,3,1,11,3,3,5240,33
3,3,3,1,3,2,3,3,3,3,3,3,3,3,3,3,3,3,3,3,3,3,2,1,2,3,4,2,14,3,3,13757,33
3,3,3,3,3,3,3,2,3,3,3,3,3,3,3,3,3,2,2,3,3,3,2,1,1,7,1,1,4,4,2,22403,24
3,3,3,2,3,3,3,2,3,3,3,3,3,3,3,3,3,3,3,3,3,3,2,2,1,3,3,2,-1,2,0,48794,32
3,3,3,3,3,2,3,3,3,3,3,3,3,3,3,3,3,3,3,3,3,3,2,2,1,5,4,1,14,1,7,16628,11
3,3,3,3,1,3,3,3,3,3,3,3,3,3,3,3,3,3,3,3,3,3,2,2,1,3,4,1,6,1,8,21476,11
3,3,3,1,1,3,3,2,3,3,3,1,3,3,3,3,3,3,3,3,3,3,2,2,2,4,3,2,2,1,8,25562,11
3,3,3,2,2,2,3,2,3,3,3,3,3,3,3,3,3,3,3,3,3,3,2,1,2,3,1,2,5,4,5,156752,44
3,1,3,2,3,3,1,2,3,3,3,2,3,3,3,2,3,3,3,3,3,3,2,1,1,5,3,1,2,1,8,97190,31
